Train_No,Journey_Duration_Hours,Total_Distance,Number_of_Stops
107,1.75,78,4
108,1.9166666666666667,83,4
128,22.083333333333332,978,22
290,8.0,2694,14
401,12.5,1618,12
421,9.0,1276,5
422,2.75,1277,5
477,3.1666666666666665,2616,14
502,23.0,1206,9
504,1.0,1313,3
506,1.5,1161,3
557,11.5,1301,2
604,3.5,1429,3
1011,14.0,841,18
1037,9.333333333333334,513,10
1038,10.25,503,10
1045,9.833333333333334,563,11
1119,0.6666666666666666,1329,24
1120,0.5,1319,24
1122,12.0,569,14
1196,1.6666666666666667,1332,26
1301,17.666666666666668,976,17
1302,21.416666666666668,973,17
1442,15.0,1581,13
1655,19.5,1050,13
1656,18.583333333333332,1050,13
1705,21.416666666666668,1261,14
1706,20.916666666666668,1262,14
1707,2.5,1360,17
1708,2.5833333333333335,1362,17
2025,8.333333333333334,579,7
2026,8.5,569,7
2191,19.833333333333332,1123,16
2192,19.166666666666668,1123,16
2195,9.666666666666666,551,10
2196,10.0,549,10
2515,4.916666666666667,3939,58
2651,1.4166666666666667,62,3
2652,1.4166666666666667,62,3
2731,14.0,1854,29
2732,11.416666666666666,1853,29
2821,7.75,2066,14
2822,8.25,2073,14
2833,18.25,2332,29
2834,16.666666666666668,2351,29
2841,2.6666666666666665,1656,12
2842,5.166666666666667,1656,12
2845,7.583333333333333,1770,17
2846,5.75,1791,17
3101,11.916666666666666,523,9
3102,11.666666666666666,522,9
3301,1.4166666666666667,58,13
3302,1.4166666666666667,58,13
3305,0.3333333333333333,3,2
3306,0.3333333333333333,3,2
3307,0.5833333333333334,4,4
3308,0.5,4,4
3501,19.666666666666668,1193,5
3502,21.666666666666668,1193,5
4401,14.666666666666666,710,13
4402,14.25,710,13
4409,14.333333333333334,653,7
4410,13.75,653,7
4419,6.25,1916,13
4420,4.083333333333333,1924,13
4735,14.666666666666666,691,17
4736,13.583333333333334,691,17
4767,1.6666666666666667,67,10
4768,1.8333333333333333,67,10
4769,1.75,67,10
4770,1.5833333333333333,67,10
4771,6.166666666666667,232,24
4772,6.25,232,24
4773,3.0833333333333335,125,16
4774,2.5833333333333335,125,10
4801,1.0,21,3
4802,1.0,21,3
4831,21.25,882,22
4832,19.0,881,22
4851,4.666666666666667,197,21
4852,5.083333333333333,197,21
4853,1.25,42,6
4854,1.0,42,6
4921,1.75,81,13
4922,1.9166666666666667,81,13
4991,2.5,99,14
4992,2.3333333333333335,99,14
5061,3.0833333333333335,112,5
5062,2.75,112,5
5065,12.75,503,15
5066,12.0,505,15
5105,1.8333333333333333,64,4
5106,1.5,64,4
5305,3.5,136,11
5306,2.9166666666666665,136,11
5309,1.8333333333333333,81,6
5310,1.9166666666666667,81,6
5521,3.75,81,12
5522,2.8333333333333335,81,12
5613,2.0833333333333335,85,11
5614,2.25,85,9
5619,4.166666666666667,153,20
5620,4.083333333333333,153,20
5631,12.416666666666666,380,10
5632,12.416666666666666,379,10
5715,2.1666666666666665,87,2
5716,2.5,87,2
5719,4.0,204,11
5720,5.0,205,11
5863,3.0833333333333335,89,15
5864,2.75,88,15
5865,12.083333333333334,426,53
5866,11.75,425,53
6001,12.666666666666666,649,14
6002,12.5,649,15
6006,15.083333333333334,699,14
6009,6.083333333333333,1844,27
6010,9.25,1843,27
6041,16.666666666666668,849,19
6042,16.25,851,20
6043,16.0,849,18
6044,16.083333333333332,852,19
6046,18.0,852,19
6047,16.166666666666668,849,19
6048,17.0,852,20
6049,15.083333333333334,855,19
6050,16.5,857,20
6053,10.583333333333334,626,14
6054,13.333333333333334,627,14
6057,5.666666666666668,1656,19
6058,3.75,1655,19
6065,13.416666666666666,500,13
6066,10.583333333333334,501,13
6067,9.916666666666666,522,9
6068,11.916666666666666,522,9
6081,1.1666666666666667,45,4
6082,1.1666666666666667,45,4
6412,5.166666666666667,2462,21
6512,2.3333333333333335,77,14
6513,0.5833333333333334,17,6
6541,17.583333333333332,881,14
6542,16.75,878,14
6547,11.75,632,14
6548,13.75,634,13
6579,20.0,1089,21
6580,19.333333333333332,1086,21
6581,13.266666666666667,607,85
6582,13.266666666666667,604,85
6591,1.5,62,9
6592,1.5833333333333333,61,9
6593,0.4166666666666667,10,4
6594,0.4166666666666667,10,4
6595,0.8333333333333334,33,7
6596,1.1666666666666667,33,7
6647,2.1666666666666665,89,8
6648,2.5,89,8
6769,2.6666666666666665,116,11
6770,3.0833333333333335,116,11
6851,0.3333333333333333,10,3
6852,0.4166666666666667,10,3
6853,0.38333333333333336,10,3
6854,0.4166666666666667,10,3
6919,6.933333333333334,247,36
6920,6.85,248,36
7005,20.0,2276,34
7006,21.75,2297,34
7007,15.75,2023,27
7008,17.166666666666668,2033,28
7016,13.083333333333334,670,18
7044,15.083333333333334,735,11
7061,4.5,217,8
7062,12.5,437,14
7075,10.166666666666666,554,17
7076,11.833333333333334,553,17
7109,7.25,1589,40
7110,8.25,1593,40
7113,7.166666666666667,1543,37
7133,7.666666666666667,1508,39
7134,8.25,1511,39
7141,6.916666666666667,1560,39
7142,6.25,1563,39
7146,13.5,763,16
7149,1.25,2563,37
7211,6.666666666666668,1433,36
7212,4.0,1436,36
7213,2.5,1221,29
7214,0.08333333333333333,1226,30
7217,6.666666666666668,1360,37
7218,4.25,1363,37
7410,0.25,1147,29
7417,4.416666666666667,1330,33
7418,6.0,1331,33
7425,11.25,537,15
7426,11.333333333333334,537,15
7429,12.5,742,11
7430,13.75,744,11
7431,11.0,597,13
7432,11.0,597,14
7435,12.0,555,14
7436,12.083333333333334,554,15
7438,6.75,1533,28
7439,6.166666666666668,1533,28
7487,12.25,735,11
7505,16.75,1973,49
7509,14.333333333333334,1886,47
7517,9.25,350,9
7525,9.25,322,33
7526,10.0,322,33
7603,12.0,624,14
7604,15.5,624,14
7607,19.25,1014,19
7608,19.75,1016,19
7613,11.0,1636,38
7614,11.0,1641,39
7644,11.583333333333334,597,11
7645,9.25,587,10
7757,5.25,314,6
7758,5.333333333333333,314,6
7941,11.0,587,12
7942,10.5,597,13
8001,0.5833333333333334,39,2
8002,0.75,39,2
8014,0.6666666666666666,12,4
8017,0.8333333333333334,39,6
8018,0.9166666666666666,39,6
8035,2.9166666666666665,120,19
8036,3.0,120,19
8051,0.48333333333333334,39,3
8052,0.75,39,5
8061,10.25,1847,24
8062,10.583333333333334,1838,24
8063,3.0,115,17
8064,8.166666666666666,2039,16
8065,2.6666666666666665,115,17
8082,0.5,30,6
8087,0.4666666666666667,30,6
8101,1.3333333333333333,40,5
8102,0.9166666666666666,40,5
8301,7.166666666666667,1567,15
8302,6.083333333333333,1567,15
8403,9.333333333333334,495,9
8404,8.833333333333334,497,9
8501,13.0,700,13
8502,12.333333333333334,698,13
8511,12.0,471,12
8512,11.75,471,12
8567,4.75,1571,29
8568,6.75,1578,29
8573,14.5,760,15
8574,15.333333333333334,759,15
8581,0.3333333333333333,11,2
8582,0.25,11,2
8617,23.833333333333332,1365,15
8618,23.666666666666668,1356,15
8627,9.333333333333334,484,13
8628,9.5,481,14
8872,2.75,133,17
9003,13.916666666666666,1355,5
9004,13.916666666666666,1358,5
9005,15.916666666666666,1373,4
9006,16.083333333333332,1376,4
9011,22.166666666666668,1209,20
9012,21.916666666666668,1211,20
9433,13.416666666666666,780,14
9434,13.666666666666666,780,14
9621,22.25,1281,12
9622,21.166666666666668,1281,12
9721,7.25,429,12
9722,7.0,429,12
9761,2.75,125,13
9809,7.166666666666668,447,11
9810,8.0,450,11
10103,11.583333333333334,590,20
10104,12.416666666666666,594,20
10111,11.666666666666666,590,20
10112,11.833333333333334,594,20
10215,13.416666666666666,726,13
10216,13.416666666666666,727,13
11001,7.25,348,12
11002,7.416666666666667,348,12
11003,10.583333333333334,502,21
11004,11.916666666666666,504,21
11005,9.75,1636,39
11006,8.833333333333334,1639,38
11007,4.083333333333333,191,12
11008,4.033333333333333,191,11
11009,4.166666666666667,191,12
11010,3.8333333333333335,191,11
11011,16.666666666666668,723,16
11012,17.25,723,16
11013,8.666666666666666,1515,34
11014,5.583333333333333,1515,34
11015,8.333333333333334,1678,47
11016,9.333333333333334,1677,46
11017,6.5,1631,30
11018,9.75,1634,30
11019,13.083333333333334,1941,39
11020,12.5,1941,40
11021,14.25,1843,40
11022,14.666666666666666,1845,39
11023,12.25,517,28
11024,13.0,517,31
11025,11.666666666666666,545,19
11026,10.083333333333334,545,19
11027,3.75,1281,52
11028,3.833333333333332,1283,52
11029,11.75,517,35
11030,12.166666666666666,517,34
11031,2.1666666666666665,108,5
11032,2.8333333333333335,108,5
11033,14.5,1955,30
11034,15.333333333333334,1953,30
11035,0.16666666666666666,1210,27
11036,23.416666666666668,1213,26
11037,8.833333333333334,1777,17
11038,12.583333333333334,1777,17
11039,4.75,1352,62
11040,4.416666666666667,1353,60
11041,2.5,1281,36
11042,1.25,1283,34
11043,9.916666666666666,1696,27
11044,11.75,1700,26
11045,12.25,2894,39
11046,13.75,2892,39
11047,6.25,278,12
11048,5.75,279,12
11049,20.0,949,18
11050,18.916666666666668,949,18
11051,6.75,314,9
11052,7.583333333333332,314,9
11053,9.5,1552,17
11054,6.916666666666667,1551,17
11055,9.416666666666666,1732,23
11056,9.916666666666666,1732,23
11057,17.0,2026,90
11058,19.583333333333332,2029,91
11059,10.166666666666666,1772,24
11060,11.0,1770,24
11061,12.916666666666666,1885,41
11062,14.583333333333334,1883,39
11063,6.333333333333332,352,14
11064,6.416666666666668,352,14
11067,3.533333333333333,1510,20
11068,5.916666666666667,1509,20
11071,6.75,1645,43
11072,7.0,1647,41
11073,23.583333333333332,1265,18
11074,0.75,1267,17
11075,13.416666666666666,651,13
11076,15.583333333333334,651,13
11077,16.75,2155,67
11078,17.416666666666668,2157,65
11079,9.666666666666666,1745,25
11080,10.5,1745,24
11081,10.25,1731,20
11082,9.916666666666666,1731,19
11083,3.5,1153,29
11084,5.5,1153,28
11085,11.95,574,11
11086,11.166666666666666,578,11
11087,20.25,1053,26
11088,20.916666666666668,1053,25
11089,23.166666666666668,1074,26
11090,21.333333333333332,1072,26
11091,19.75,981,24
11092,19.5,981,24
11093,4.5,1516,27
11094,2.9166666666666665,1515,26
11095,12.416666666666666,623,17
11096,11.916666666666666,622,16
11097,8.666666666666666,1278,33
11098,5.583333333333332,1279,32
11101,2.75,1373,23
11102,5.083333333333333,1373,23
11103,23.916666666666668,1321,21
11104,1.5,1321,21
11107,14.166666666666666,629,31
11108,15.333333333333334,629,37
11109,5.916666666666667,291,11
11110,5.916666666666667,291,11
11111,19.916666666666668,939,12
11112,18.25,941,12
11123,2.1666666666666665,1051,49
11124,1.1666666666666667,1054,49
11125,11.7,561,11
11126,12.416666666666666,561,11
11201,21.583333333333332,1015,26
11202,21.5,1015,26
11203,2.1666666666666665,1340,28
11204,2.75,1340,28
11205,16.583333333333332,699,20
11206,14.5,699,20
11265,9.0,432,14
11266,8.666666666666666,434,14
11272,17.916666666666668,737,47
11301,0.6666666666666666,1154,35
11302,23.5,1154,34
11303,23.5,989,38
11304,23.166666666666668,987,38
11307,4.583333333333333,221,7
11308,5.0,223,7
11309,6.083333333333333,267,14
11310,5.5,267,14
11401,23.666666666666668,1053,34
11402,23.583333333333332,1052,34
11403,23.0,1026,22
11404,23.75,1026,22
11405,17.0,811,18
11406,18.75,812,18
11407,4.5,1478,17
11408,4.583333333333333,1478,17
11423,8.083333333333334,357,14
11424,8.25,356,14
11447,4.416666666666668,1156,45
11448,1.25,1155,46
11449,8.833333333333334,1561,34
11450,9.5,1564,31
11463,5.666666666666667,1416,50
11464,5.75,1417,50
11465,8.5,1572,49
11466,7.75,1575,50
11651,6.916666666666667,344,14
11652,7.0,345,14
11701,14.833333333333334,751,16
11702,15.416666666666666,751,16
11703,16.916666666666668,823,20
11704,16.083333333333332,821,20
11801,5.083333333333333,215,6
11802,4.916666666666667,215,6
11901,7.166666666666667,292,13
11902,6.666666666666667,294,13
12001,8.5,688,10
12002,8.416666666666666,690,10
12003,6.666666666666667,504,7
12004,6.5,504,7
12005,4.083333333333333,268,5
12006,4.083333333333333,268,5
12007,7.0,498,4
12008,7.166666666666667,499,4
12009,6.333333333333333,490,9
12010,6.666666666666667,490,9
12011,4.083333333333333,268,6
12012,4.166666666666667,268,6
12013,6.0,447,8
12014,6.0,447,8
12015,6.666666666666667,442,10
12016,6.916666666666667,442,10
12017,5.916666666666667,314,8
12018,5.75,314,8
12019,7.166666666666667,436,10
12020,7.75,434,10
12021,6.75,402,10
12022,7.083333333333333,401,11
12023,8.666666666666666,530,14
12024,7.833333333333333,531,14
12025,8.5,598,8
12026,8.416666666666666,598,8
12027,5.0,360,4
12028,5.0,361,4
12029,6.416666666666667,447,8
12030,6.25,447,8
12031,6.416666666666667,447,8
12032,6.25,447,8
12033,5.333333333333333,430,5
12034,4.916666666666667,430,4
12035,3.5,240,4
12036,3.6666666666666665,240,4
12037,5.416666666666667,328,7
12038,5.5,328,7
12039,5.5,283,8
12040,5.666666666666667,283,8
12041,8.25,560,7
12042,8.083333333333334,560,7
12043,7.083333333333333,397,8
12044,7.166666666666667,397,8
12045,3.5,243,4
12046,3.4166666666666665,243,4
12047,6.5,385,10
12048,7.333333333333333,385,10
12049,1.6666666666666667,181,2
12050,1.6666666666666667,183,2
12051,8.666666666666666,581,9
12052,8.583333333333334,585,9
12053,7.333333333333333,406,11
12054,7.333333333333333,406,11
12055,5.833333333333333,304,9
12056,6.166666666666667,304,10
12057,7.583333333333333,386,14
12058,7.0,386,14
12059,6.583333333333333,447,10
12060,6.75,450,10
12061,5.25,330,10
12062,5.5,330,10
12065,6.833333333333333,389,10
12066,6.916666666666667,389,10
12067,6.833333333333333,376,11
12068,6.833333333333333,375,11
12069,7.0,419,15
12070,7.0,411,15
12071,7.5,422,7
12072,7.75,422,7
12073,6.916666666666667,442,9
12074,6.666666666666667,441,9
12075,7.416666666666667,399,12
12076,7.0,398,12
12077,7.166666666666667,453,10
12078,7.25,453,10
12079,7.416666666666667,470,11
12080,7.416666666666667,468,11
12081,9.166666666666666,500,15
12082,9.166666666666666,499,15
12083,6.416666666666667,361,10
12084,6.5,361,10
12085,9.083333333333334,506,10
12086,8.916666666666666,505,10
12087,6.0,332,8
12088,6.333333333333333,332,8
12101,7.0,1956,16
12102,7.0,1963,17
12103,0.9166666666666666,1478,13
12104,1.5833333333333333,1478,13
12105,16.166666666666668,971,26
12106,16.166666666666668,972,27
12107,22.75,1408,11
12108,0.25,1408,11
12109,4.583333333333333,260,10
12110,4.716666666666667,260,10
12111,12.166666666666666,676,14
12112,11.333333333333334,676,14
12113,15.75,895,9
12114,15.166666666666666,895,9
12115,8.083333333333334,456,14
12116,8.083333333333334,457,15
12117,4.416666666666667,244,10
12118,4.416666666666667,244,10
12119,2.75,180,5
12120,3.1666666666666665,180,5
12121,13.916666666666666,883,7
12122,14.333333333333334,886,7
12123,3.25,191,5
12124,3.1666666666666665,191,4
12125,3.4166666666666665,190,8
12126,3.4166666666666665,190,7
12127,3.283333333333333,191,6
12128,3.1666666666666665,191,5
12129,9.75,2026,30
12130,9.0,2033,30
12131,6.0,330,8
12132,6.083333333333332,330,8
12133,14.633333333333333,903,14
12134,14.5,909,14
12135,15.75,895,18
12136,15.166666666666666,895,18
12137,10.25,1910,56
12138,9.916666666666666,1913,54
12139,15.166666666666666,841,33
12140,15.0,841,33
12141,4.416666666666668,1693,14
12142,4.166666666666667,1692,13
12143,3.3333333333333335,1540,14
12144,4.25,1541,14
12145,10.916666666666666,1888,27
12146,10.083333333333334,1895,27
12147,8.083333333333334,1897,22
12148,10.5,1900,22
12149,6.583333333333332,1757,19
12150,6.583333333333332,1756,19
12151,11.833333333333334,2089,24
12152,10.25,2095,23
12153,12.916666666666666,820,10
12154,13.166666666666666,820,10
12155,10.916666666666666,681,10
12156,10.166666666666666,683,10
12157,4.0,265,4
12158,4.0,265,4
12159,13.166666666666666,725,20
12160,13.0,725,20
12161,20.583333333333332,1320,21
12162,23.416666666666668,1320,21
12163,23.25,1278,24
12164,23.166666666666668,1281,22
12165,1.7,1488,16
12166,1.1666666666666667,1487,16
12167,3.1666666666666665,1500,13
12168,2.0,1500,13
12169,4.0,265,5
12170,4.083333333333333,265,5
12171,5.333333333333333,1756,12
12172,5.0,1759,12
12173,2.6666666666666665,1581,13
12174,4.166666666666667,1581,13
12175,23.5,1291,31
12176,23.5,1292,31
12177,2.5833333333333335,1451,34
12178,2.3333333333333335,1453,34
12179,6.0,323,14
12180,5.916666666666667,323,14
12181,17.916666666666668,1024,22
12182,17.25,1024,22
12183,13.666666666666666,754,11
12184,13.666666666666666,754,11
12185,10.0,555,15
12186,10.0,557,15
12187,16.75,996,15
12188,16.5,996,15
12189,17.5,937,29
12190,17.5,938,28
12191,17.166666666666668,1021,24
12192,18.333333333333332,1019,24
12193,6.416666666666667,1747,20
12194,6.75,1734,20
12195,6.75,375,14
12196,6.666666666666667,375,14
12197,8.75,484,11
12198,8.666666666666666,484,11
12201,3.5,1513,25
12202,3.0,1517,25
12203,6.166666666666667,1711,23
12204,6.0,1714,23
12205,5.833333333333332,304,7
12206,5.75,304,7
12207,15.25,768,16
12208,15.416666666666666,768,16
12209,8.583333333333334,415,12
12210,9.416666666666666,415,12
12211,21.333333333333332,1057,14
12212,21.166666666666668,1059,14
12213,7.333333333333332,2350,7
12214,8.916666666666666,2351,6
12215,22.833333333333332,1431,18
12216,23.5,1429,18
12217,6.416666666666667,3086,22
12218,5.25,3084,22
12219,12.0,774,4
12220,12.0,774,4
12221,4.416666666666667,2026,8
12222,3.4166666666666665,2033,8
12223,21.0,1301,6
12224,20.75,1306,6
12225,14.666666666666666,795,15
12226,14.25,796,15
12227,11.833333333333334,831,5
12228,12.666666666666666,831,5
12229,8.916666666666666,492,9
12230,8.666666666666666,492,9
12231,11.666666666666666,644,16
12232,11.666666666666666,644,16
12235,19.666666666666668,2446,26
12236,20.833333333333332,2448,26
12237,22.583333333333332,1253,13
12238,22.666666666666668,1253,13
12239,15.333333333333334,1157,5
12240,16.5,1158,5
12241,4.25,247,6
12242,4.0,247,6
12243,7.0,491,6
12244,6.833333333333333,493,6
12245,5.083333333333333,1957,6
12246,5.25,1959,6
12247,17.083333333333332,1355,7
12248,17.75,1358,7
12249,16.666666666666668,1425,7
12250,16.833333333333332,1426,7
12251,4.833333333333332,1611,25
12252,5.5,1605,26
12253,19.0,2478,29
12254,19.583333333333332,2477,29
12257,16.0,798,19
12258,16.5,797,19
12259,17.0,1448,5
12260,16.916666666666668,1449,5
12261,2.4166666666666665,1972,7
12262,2.1666666666666665,1979,7
12263,19.75,1498,7
12264,20.25,1501,7
12265,9.166666666666666,577,3
12266,9.0,577,3
12267,6.5,490,2
12268,6.333333333333332,490,2
12269,3.9166666666666665,2156,7
12270,4.416666666666667,2155,7
12273,21.833333333333332,1516,6
12274,21.75,1517,6
12275,7.75,629,2
12276,7.583333333333332,629,2
12277,7.5,504,8
12278,7.916666666666667,503,8
12279,6.75,385,11
12280,7.166666666666667,388,11
12281,22.416666666666668,1714,6
12282,21.833333333333332,1717,6
12283,20.166666666666668,2636,11
12284,18.083333333333332,2634,11
12285,21.416666666666668,1651,6
12286,22.25,1652,6
12289,11.083333333333334,841,4
12290,11.416666666666666,841,4
12291,6.5,364,7
12292,6.5,363,7
12293,19.166666666666668,1353,5
12294,19.416666666666668,1352,5
12295,0.08333333333333333,2703,36
12296,0.16666666666666666,2697,37
12297,8.666666666666666,623,4
12298,8.75,622,4
12301,17.083333333333332,1438,8
12302,16.916666666666668,1439,8
12303,22.0,1516,25
12304,23.333333333333332,1517,25
12305,19.916666666666668,1516,9
12306,19.333333333333332,1517,9
12307,7.166666666666668,1803,28
12308,7.5,1805,28
12309,12.666666666666666,987,6
12310,12.25,987,6
12311,8.833333333333334,1699,39
12312,8.0,1700,40
12313,17.583333333333332,1448,8
12314,17.75,1449,8
12315,13.583333333333334,2119,23
12316,14.833333333333334,2120,23
12317,9.666666666666666,1884,23
12318,9.333333333333334,1885,23
12319,22.833333333333332,1416,12
12320,0.3333333333333333,1417,11
12321,13.416666666666666,2165,48
12322,14.25,2167,49
12323,22.25,1425,9
12324,22.916666666666668,1426,9
12325,8.333333333333334,1792,18
12326,8.333333333333334,1793,18
12327,5.166666666666667,1577,20
12328,5.083333333333332,1577,20
12329,22.666666666666668,1435,8
12330,22.25,1436,8
12331,12.666666666666666,2010,32
12332,12.75,2011,32
12333,16.0,878,31
12334,15.833333333333334,879,31
12335,11.0,1917,39
12336,10.416666666666666,1918,38
12337,2.25,146,4
12338,2.5,146,4
12339,4.333333333333333,258,13
12340,4.5,259,13
12341,3.25,199,7
12342,3.25,200,7
12343,9.916666666666666,571,6
12344,10.0,571,6
12345,18.0,1023,13
12346,16.666666666666668,1023,13
12347,3.6666666666666665,206,9
12348,3.6666666666666665,206,9
12349,19.5,1206,13
12350,20.25,1206,13
12351,9.666666666666666,528,23
12352,9.416666666666666,529,23
12353,23.083333333333332,1299,18
12354,23.583333333333332,1300,18
12355,3.5,1506,19
12356,2.9166666666666665,1506,19
12357,5.166666666666667,1807,15
12358,5.666666666666667,1807,15
12359,9.416666666666666,534,13
12360,9.166666666666666,534,13
12361,10.5,2043,21
12362,12.166666666666666,2044,21
12363,11.25,621,11
12364,11.166666666666666,620,11
12365,7.916666666666667,410,12
12366,7.833333333333333,407,12
12367,20.75,1193,21
12368,21.75,1193,21
12369,3.6666666666666665,1525,20
12370,3.416666666666668,1526,20
12371,15.5,2245,29
12372,15.333333333333334,2246,29
12373,3.6666666666666665,217,7
12374,3.6666666666666665,216,7
12375,7.25,1729,27
12376,6.75,1727,27
12377,12.916666666666666,718,10
12378,13.0,718,10
12379,6.583333333333333,1889,15
12380,6.5,1890,15
12381,21.833333333333332,1438,22
12382,23.333333333333332,1439,22
12383,3.9166666666666665,221,9
12384,3.9166666666666665,222,9
12389,15.0,2348,17
12390,14.666666666666666,2353,17
12391,21.166666666666668,1092,33
12392,21.0,1092,33
12393,14.25,987,5
12394,14.166666666666666,987,5
12395,20.416666666666668,1287,15
12396,23.166666666666668,1287,15
12397,14.25,981,15
12398,15.083333333333334,981,15
12401,19.666666666666668,1049,28
12402,18.75,1049,28
12405,1.8333333333333333,1461,29
12406,0.5,1464,29
12407,9.333333333333334,1821,19
12408,9.083333333333334,1824,19
12409,4.0,1613,35
12410,3.75,1608,35
12411,4.5,247,9
12412,4.416666666666667,247,9
12413,18.25,1016,21
12414,18.166666666666668,1017,22
12415,14.25,815,23
12416,14.5,817,22
12417,9.5,624,6
12418,9.5,624,7
12419,9.083333333333334,504,16
12420,9.0,504,16
12421,11.083333333333334,1927,23
12422,9.25,1929,23
12423,15.0,2422,22
12424,15.833333333333334,2423,22
12425,9.083333333333334,576,5
12426,9.333333333333334,576,5
12427,14.583333333333334,844,12
12428,13.75,844,13
12431,17.416666666666668,2841,19
12432,18.0,2840,19
12433,4.25,2156,10
12434,4.333333333333333,2155,10
12435,19.75,2452,26
12436,22.0,2454,26
12437,21.666666666666668,1651,7
12438,22.083333333333332,1652,7
12439,16.916666666666668,1297,8
12440,17.0,1300,8
12441,20.916666666666668,1487,10
12442,20.25,1483,10
12443,3.3333333333333335,1572,14
12444,1.3333333333333333,1572,14
12445,11.833333333333334,654,11
12446,11.75,654,11
12447,12.333333333333334,676,12
12448,12.416666666666666,679,12
12449,12.416666666666666,2159,14
12450,12.666666666666666,2157,14
12451,6.833333333333332,430,3
12452,6.583333333333332,430,3
12453,17.666666666666668,1333,7
12454,18.5,1336,7
12455,14.5,790,21
12456,14.583333333333334,790,21
12457,7.75,455,14
12458,7.666666666666668,455,14
12459,8.083333333333334,447,15
12460,8.0,447,17
12461,10.75,618,18
12462,10.916666666666666,619,16
12463,10.166666666666666,614,8
12464,10.666666666666666,615,8
12465,16.25,905,29
12466,16.583333333333332,906,29
12467,12.666666666666666,700,22
12468,12.583333333333334,699,22
12469,18.5,1025,14
12470,18.666666666666668,1025,14
12471,9.25,2017,26
12472,8.916666666666666,2019,26
12473,5.666666666666667,1736,24
12474,5.083333333333333,1739,25
12475,11.666666666666666,2055,31
12476,11.666666666666666,2058,31
12477,11.916666666666666,2064,31
12478,11.833333333333334,2066,31
12479,16.833333333333332,934,17
12480,17.0,932,17
12481,7.5,409,15
12482,7.666666666666667,409,15
12483,10.416666666666666,3290,27
12484,9.333333333333334,3288,27
12485,11.5,1937,27
12486,9.0,1940,27
12487,1.0,1364,19
12488,0.9166666666666666,1364,19
12489,22.333333333333332,1244,22
12490,22.583333333333332,1244,22
12491,6.833333333333333,1609,22
12492,6.0,1612,22
12493,0.3333333333333333,1498,10
12494,23.833333333333332,1501,10
12495,7.916666666666667,1878,20
12496,7.0,1876,20
12497,7.666666666666667,447,14
12498,7.666666666666667,447,15
12501,6.75,1914,10
12502,9.0,1914,10
12503,3.25,3032,23
12504,1.0833333333333333,3032,23
12505,9.583333333333334,1850,30
12506,10.083333333333334,1850,29
12507,2.0833333333333335,3932,58
12508,2.75,3930,56
12509,6.333333333333332,2992,42
12510,5.333333333333333,2993,41
12511,10.666666666666666,3239,61
12512,9.083333333333334,3245,60
12513,22.5,2564,31
12514,21.666666666666668,2567,30
12515,4.583333333333333,3932,57
12516,2.75,3930,56
12517,18.25,1027,14
12518,18.0,1027,14
12519,20.583333333333332,2568,28
12520,20.5,2567,28
12521,14.0,3427,63
12522,12.583333333333334,3435,62
12523,3.9166666666666665,1496,18
12524,3.5,1499,18
12525,4.75,1584,23
12526,4.666666666666667,1583,23
12527,7.916666666666667,395,11
12529,10.75,518,10
12530,9.833333333333334,522,10
12531,5.0,277,12
12532,5.0,278,12
12533,0.08333333333333333,1424,16
12534,0.25,1423,15
12535,17.083333333333332,903,13
12536,16.75,905,12
12537,9.833333333333334,543,15
12538,10.25,543,15
12539,22.0,2548,18
12540,20.666666666666668,2541,18
12541,6.166666666666668,1685,16
12542,5.833333333333333,1686,16
12545,13.25,2045,21
12546,13.416666666666666,2045,21
12547,15.416666666666666,866,12
12548,15.416666666666666,864,12
12549,9.166666666666666,1847,18
12550,9.333333333333334,1858,18
12551,5.5,3024,29
12552,4.416666666666667,3024,29
12553,21.25,1167,21
12554,21.416666666666668,1170,21
12555,17.416666666666668,952,15
12556,17.416666666666668,953,15
12557,19.25,1057,16
12558,19.583333333333332,1059,16
12559,12.5,745,4
12560,12.083333333333334,745,4
12561,22.5,1223,22
12562,22.583333333333332,1224,21
12565,20.916666666666668,1153,11
12566,21.0,1156,11
12567,4.0,219,9
12568,4.0,219,9
12569,20.333333333333332,1238,23
12570,20.666666666666668,1238,23
12572,13.333333333333334,829,9
12577,7.5,3045,41
12578,7.083333333333333,3051,40
12581,13.833333333333334,745,6
12582,12.583333333333334,745,6
12587,22.25,1246,18
12588,21.75,1247,18
12589,8.583333333333334,1833,31
12590,8.0,1836,31
12591,21.75,2513,40
12592,21.75,2504,40
12593,10.833333333333334,581,6
12594,11.0,581,6
12595,12.833333333333334,760,6
12596,11.833333333333334,761,6
12597,3.75,1693,13
12598,4.25,1694,13
12601,16.083333333333332,883,31
12602,16.25,885,33
12603,13.0,715,22
12604,13.083333333333334,716,21
12605,7.25,425,13
12606,7.083333333333333,425,13
12607,6.0,360,12
12608,5.75,361,13
12609,6.5,360,19
12610,6.5,361,19
12611,4.25,2156,11
12612,4.333333333333333,2155,11
12613,2.5,138,4
12614,2.5,138,4
12615,11.916666666666666,2169,41
12616,12.5,2168,40
12617,0.0,2751,48
12618,1.0,2748,48
12619,16.166666666666668,893,24
12620,16.0,899,22
12621,9.083333333333334,2163,12
12622,8.666666666666666,2163,11
12623,16.0,913,21
12624,16.666666666666668,916,22
12625,2.5,3013,43
12626,3.3333333333333335,3010,42
12627,15.166666666666666,2386,36
12628,16.416666666666668,2389,35
12629,23.25,2595,14
12630,21.583333333333332,2595,14
12631,11.0,649,15
12632,11.166666666666666,649,16
12633,13.0,738,17
12634,13.083333333333334,737,18
12635,7.666666666666667,492,10
12636,7.583333333333333,492,11
12637,8.25,492,11
12638,8.333333333333334,492,12
12639,6.166666666666667,360,12
12640,6.083333333333333,361,13
12641,22.75,2899,25
12642,1.5833333333333333,2898,26
12643,2.9166666666666665,2991,32
12644,5.25,2988,31
12645,22.166666666666668,2786,29
12646,0.08333333333333333,2782,28
12647,23.166666666666668,2650,28
12648,0.6666666666666666,2651,28
12649,11.25,2257,9
12650,13.166666666666666,2258,9
12651,17.5,2653,15
12652,20.25,2652,15
12653,5.75,336,14
12654,6.0,335,15
12655,8.5,1893,41
12656,8.833333333333334,1895,42
12657,5.916666666666668,360,8
12658,5.916666666666668,361,8
12659,23.083333333333332,2579,44
12660,22.75,2579,44
12661,11.75,665,18
12662,11.666666666666666,665,18
12663,11.333333333333334,2005,24
12664,10.833333333333334,2004,24
12665,18.25,2407,32
12666,19.333333333333332,2406,32
12667,13.25,722,11
12668,12.416666666666666,722,11
12669,18.083333333333332,2348,25
12670,17.416666666666668,2343,24
12671,9.166666666666666,526,9
12672,9.333333333333334,529,9
12673,8.083333333333334,491,8
12674,8.083333333333334,493,9
12675,7.583333333333333,491,11
12676,7.583333333333333,493,12
12677,10.666666666666666,581,14
12678,10.666666666666666,582,14
12679,7.75,491,12
12680,7.583333333333333,493,12
12681,8.166666666666666,491,7
12682,7.833333333333332,493,8
12683,11.25,617,14
12684,11.166666666666666,616,14
12685,16.083333333333332,883,18
12686,15.666666666666666,885,18
12687,5.166666666666668,3067,30
12688,6.0,3064,31
12689,16.75,918,19
12690,16.75,920,20
12691,10.166666666666666,528,11
12692,10.833333333333334,528,14
12693,11.083333333333334,652,22
12694,11.666666666666666,651,22
12695,16.166666666666668,914,21
12696,16.75,916,21
12697,15.333333333333334,901,14
12698,16.083333333333332,903,14
12701,14.333333333333334,791,16
12702,14.166666666666666,793,17
12703,1.6666666666666667,1549,26
12704,1.8333333333333333,1548,27
12705,6.833333333333333,391,14
12706,6.75,390,14
12707,12.333333333333334,2292,20
12708,14.416666666666666,2294,20
12709,10.833333333333334,651,17
12710,10.333333333333334,650,17
12711,7.0,430,14
12712,7.083333333333333,429,14
12713,5.5,358,9
12714,5.916666666666667,358,9
12715,10.833333333333334,2056,37
12716,10.416666666666666,2059,36
12717,6.333333333333333,350,13
12718,6.083333333333333,350,13
12719,6.833333333333332,1718,21
12720,6.583333333333332,1720,21
12721,5.583333333333332,1662,46
12722,6.0,1662,46
12723,2.6666666666666665,1669,18
12724,2.1666666666666665,1669,16
12725,8.833333333333334,491,17
12726,8.833333333333334,488,17
12727,12.833333333333334,718,21
12728,12.583333333333334,719,21
12729,12.0,658,13
12730,12.0,658,13
12731,14.416666666666666,790,16
12732,14.5,790,16
12733,12.0,661,23
12734,12.0,661,23
12735,11.833333333333334,686,11
12736,12.25,686,11
12737,10.25,575,21
12738,10.25,575,21
12739,11.666666666666666,708,12
12740,11.166666666666666,708,12
12741,17.083333333333332,2243,21
12742,18.916666666666668,2238,20
12747,6.416666666666667,353,15
12748,6.25,353,15
12749,7.916666666666668,441,19
12750,7.916666666666668,438,19
12757,5.333333333333333,305,14
12758,5.333333333333333,305,14
12759,13.833333333333334,797,17
12760,13.75,798,17
12761,12.25,712,12
12762,12.916666666666666,710,12
12763,12.833333333333334,744,19
12764,12.5,743,19
12765,23.666666666666668,1305,24
12766,23.833333333333332,1305,24
12767,4.0,1572,19
12768,4.083333333333333,1578,19
12769,12.916666666666666,711,17
12770,12.916666666666666,711,17
12771,10.25,587,14
12772,10.416666666666666,586,14
12773,2.4166666666666665,1590,16
12774,3.4166666666666665,1589,16
12775,10.75,598,11
12776,10.666666666666666,598,11
12777,23.75,1295,22
12778,23.833333333333332,1297,22
12779,15.166666666666666,2148,29
12780,15.5,2151,29
12781,21.0,2602,32
12782,23.083333333333332,2602,32
12783,12.75,710,15
12784,12.916666666666666,708,15
12785,11.333333333333334,623,17
12786,11.333333333333334,623,16
12791,8.916666666666666,1843,29
12792,9.25,1840,28
12795,5.333333333333333,314,4
12796,5.25,314,4
12797,12.833333333333334,707,22
12798,12.833333333333334,707,24
12801,6.666666666666668,1860,32
12802,6.916666666666668,1860,31
12803,8.833333333333334,2076,21
12804,11.666666666666666,2076,21
12805,12.5,688,21
12806,12.5,689,21
12807,10.333333333333334,1900,41
12808,9.583333333333334,1895,40
12809,9.25,1972,44
12810,9.083333333333334,1979,42
12811,3.5,1701,18
12812,3.9166666666666665,1709,18
12813,4.0,254,8
12814,4.083333333333333,253,9
12815,6.166666666666667,1794,29
12816,5.666666666666667,1788,29
12817,23.25,1291,19
12818,21.0,1294,19
12819,5.0,1774,13
12820,5.25,1774,13
12821,8.333333333333334,504,15
12822,8.5,503,16
12823,21.083333333333332,1255,12
12824,21.75,1266,12
12825,21.166666666666668,1297,9
12826,22.0,1300,9
12827,5.5,323,14
12828,5.833333333333333,323,15
12829,20.166666666666668,1222,21
12830,20.916666666666668,1222,21
12831,14.333333333333334,725,12
12832,13.25,722,12
12833,13.25,2097,63
12834,13.5,2098,64
12835,10.583333333333334,1891,24
12836,10.583333333333334,1891,25
12837,8.416666666666666,504,14
12838,8.5,503,14
12839,4.083333333333332,1664,35
12840,4.25,1663,36
12841,2.1666666666666665,1664,15
12842,3.0833333333333335,1663,17
12843,13.916666666666666,2148,43
12844,14.25,2141,43
12845,3.3333333333333335,1510,21
12846,2.75,1510,21
12847,3.1666666666666665,185,5
12848,3.1666666666666665,186,5
12849,22.166666666666668,1312,18
12850,23.166666666666668,1305,18
12851,0.0,1412,17
12852,23.083333333333332,1409,17
12853,16.166666666666668,889,31
12854,16.25,897,31
12855,7.083333333333333,416,16
12856,7.166666666666667,405,17
12857,3.3666666666666667,185,8
12858,3.4166666666666665,186,8
12859,6.5,1972,27
12860,7.5,1979,26
12861,10.083333333333334,578,18
12862,10.833333333333334,576,19
12863,10.666666666666666,1959,35
12864,10.833333333333334,1959,36
12865,5.666666666666667,344,9
12866,5.833333333333333,343,9
12867,9.333333333333334,1922,17
12868,10.166666666666666,1922,16
12869,8.416666666666666,1972,20
12870,8.666666666666666,1979,19
12871,13.333333333333334,745,31
12872,13.583333333333334,746,31
12873,0.25,1322,21
12874,0.16666666666666666,1325,21
12875,10.833333333333334,1911,42
12876,10.416666666666666,1912,41
12877,18.166666666666668,1333,15
12878,19.333333333333332,1336,15
12879,7.0,1790,20
12880,6.416666666666667,1798,20
12881,8.75,504,9
12882,8.833333333333334,503,9
12883,5.416666666666667,322,12
12884,5.666666666666667,330,13
12885,5.25,318,13
12886,5.666666666666667,317,13
12887,8.75,504,10
12888,8.833333333333334,503,11
12889,10.416666666666666,1890,26
12890,10.5,1893,24
12891,5.666666666666667,311,16
12892,5.666666666666667,311,16
12893,6.916666666666667,395,16
12894,7.166666666666667,395,16
12895,8.75,504,10
12896,8.833333333333334,503,11
12897,0.08333333333333333,1423,19
12898,1.25,1423,19
12901,8.5,490,14
12902,8.416666666666666,490,14
12903,8.083333333333334,1885,34
12904,7.666666666666668,1888,35
12905,19.75,2559,30
12906,19.583333333333332,2566,30
12907,21.166666666666668,1355,5
12908,19.0,1358,5
12909,17.083333333333332,1355,9
12910,16.583333333333332,1358,9
12911,1.0,1427,16
12912,23.583333333333332,1430,16
12913,11.833333333333334,650,14
12914,11.833333333333334,650,14
12915,15.666666666666666,930,20
12916,16.333333333333332,933,20
12917,17.583333333333332,1075,10
12918,16.25,1077,10
12919,6.0,1598,52
12920,5.916666666666667,1601,51
12921,4.666666666666667,262,14
12922,4.75,262,14
12923,11.0,606,12
12924,10.666666666666666,606,12
12925,7.333333333333333,1810,42
12926,6.583333333333333,1813,41
12927,6.25,391,7
12928,6.25,391,7
12929,6.166666666666667,344,19
12930,6.25,344,19
12931,7.333333333333333,490,11
12932,7.0,490,11
12933,7.75,490,11
12934,7.666666666666667,490,10
12935,4.333333333333333,251,10
12936,4.333333333333333,251,10
12937,19.416666666666668,2509,17
12938,17.5,2508,17
12939,22.083333333333332,1289,13
12940,22.833333333333332,1290,12
12941,16.833333333333332,2308,32
12942,15.333333333333334,2308,32
12943,22.916666666666668,1301,12
12944,23.583333333333332,1301,12
12946,11.333333333333334,632,14
12947,6.833333333333332,1754,19
12948,5.75,1754,19
12949,23.916666666666668,2664,37
12950,23.083333333333332,2670,37
12951,15.583333333333334,1373,8
12952,15.833333333333334,1376,8
12953,17.25,1366,13
12954,16.916666666666668,1369,13
12955,17.833333333333332,1157,19
12956,17.666666666666668,1158,19
12957,13.833333333333334,931,10
12958,13.75,934,10
12959,17.75,972,20
12960,17.5,972,20
12961,14.083333333333334,831,19
12962,13.833333333333334,831,19
12963,12.25,735,18
12964,12.333333333333334,733,18
12967,12.583333333333334,2179,32
12968,14.166666666666666,2174,32
12969,20.916666666666668,2673,39
12970,22.416666666666668,2667,39
12971,13.0,778,20
12972,14.083333333333334,778,20
12973,9.916666666666666,593,8
12974,10.083333333333334,593,8
12975,19.916666666666668,2483,42
12976,20.166666666666668,2483,43
12977,15.716666666666667,778,17
12978,6.0,2560,7
12979,18.916666666666668,1146,17
12980,17.916666666666668,1147,17
12981,12.166666666666666,672,21
12982,11.833333333333334,672,21
12983,12.833333333333334,715,15
12984,12.833333333333334,715,15
12985,4.5,302,6
12986,4.5,302,6
12987,3.833333333333332,1637,22
12988,3.1666666666666665,1638,22
12989,17.666666666666668,974,23
12990,17.333333333333332,976,23
12991,7.5,434,15
12992,7.5,434,15
12993,17.416666666666668,2288,27
12994,17.25,2295,27
12995,17.083333333333332,944,19
12996,16.75,945,19
13005,13.75,1906,57
13006,12.666666666666666,1907,56
13007,21.416666666666668,1949,112
13008,22.5,1952,108
13009,11.166666666666666,1558,77
13010,10.916666666666666,1559,78
13011,7.416666666666667,340,18
13012,6.916666666666667,340,18
13013,2.3333333333333335,111,6
13014,2.75,111,6
13015,3.0833333333333335,158,5
13016,3.0833333333333335,158,5
13017,5.916666666666667,275,15
13018,6.083333333333333,275,15
13019,11.666666666666666,1517,66
13020,14.75,1521,64
13021,16.666666666666668,691,42
13022,18.0,692,42
13023,15.416666666666666,658,33
13024,15.333333333333334,658,33
13027,5.666666666666668,275,11
13028,6.083333333333333,275,11
13033,12.333333333333334,419,49
13034,12.75,419,45
13043,16.916666666666668,697,19
13044,15.75,698,19
13049,20.5,1908,111
13050,21.583333333333332,1909,106
13053,5.25,210,6
13054,5.166666666666667,210,6
13063,11.583333333333334,403,12
13064,9.75,424,12
13071,9.583333333333334,472,21
13072,10.0,472,21
13103,4.583333333333333,229,14
13104,4.833333333333333,229,14
13105,16.833333333333332,680,30
13106,18.75,681,30
13109,2.25,112,2
13110,2.25,112,2
13113,4.5,222,12
13114,5.083333333333333,222,12
13117,4.583333333333333,222,11
13118,4.666666666666667,222,11
13119,14.416666666666666,1627,89
13120,16.666666666666668,1627,91
13121,14.416666666666666,740,16
13122,15.083333333333334,741,16
13129,1.75,78,2
13130,1.8333333333333333,78,2
13131,13.916666666666666,545,44
13132,14.333333333333334,546,45
13133,0.4166666666666667,871,82
13134,2.25,871,84
13135,14.0,618,17
13136,15.083333333333334,619,17
13137,18.666666666666668,785,22
13138,19.75,786,22
13141,17.583333333333332,716,34
13142,16.833333333333332,716,34
13145,11.333333333333334,473,20
13146,11.75,473,20
13147,14.083333333333334,692,24
13148,13.75,692,24
13149,15.666666666666666,734,25
13150,16.75,734,25
13151,21.416666666666668,1978,96
13152,20.833333333333332,1979,97
13153,7.75,350,14
13154,7.75,350,15
13155,14.083333333333334,618,19
13156,14.833333333333334,618,19
13157,12.333333333333334,564,14
13158,13.083333333333334,565,14
13159,14.166666666666666,542,16
13160,12.75,542,16
13161,9.666666666666666,427,12
13162,8.916666666666666,426,12
13163,16.416666666666668,589,33
13164,16.916666666666668,589,33
13165,14.25,606,15
13166,14.0,618,15
13167,4.416666666666667,1462,22
13168,4.083333333333333,1463,22
13169,16.416666666666668,569,27
13170,16.916666666666668,568,27
13185,15.083333333333334,625,22
13186,14.333333333333334,626,21
13187,4.916666666666667,228,10
13188,4.666666666666667,228,10
13201,11.75,1698,67
13202,11.666666666666666,1699,63
13205,7.25,223,9
13206,5.833333333333333,223,9
13225,9.25,264,20
13226,7.916666666666667,264,20
13233,3.9166666666666665,108,15
13234,4.083333333333333,108,15
13235,9.166666666666666,305,29
13236,8.166666666666666,305,29
13237,1.0833333333333333,1245,28
13238,2.6666666666666665,1246,28
13239,1.0833333333333333,1198,24
13240,2.6666666666666665,1199,24
13241,7.416666666666667,271,21
13242,6.916666666666668,271,21
13243,5.833333333333333,242,24
13244,6.0,242,24
13245,12.666666666666666,487,32
13246,12.25,485,35
13247,22.333333333333332,969,41
13248,22.666666666666668,967,44
13249,5.083333333333333,193,12
13250,5.916666666666667,193,12
13257,18.916666666666668,971,8
13258,18.0,971,8
13287,0.3333333333333333,1112,51
13288,0.25,1113,52
13301,5.833333333333333,198,12
13302,5.416666666666667,197,12
13303,6.833333333333333,295,10
13304,7.083333333333333,292,10
13305,3.9166666666666665,198,17
13306,4.0,198,17
13307,12.916666666666666,1600,74
13308,10.5,1600,71
13319,8.083333333333334,331,20
13320,8.5,328,20
13329,6.333333333333332,290,11
13330,6.083333333333332,290,11
13331,10.333333333333334,367,22
13332,8.166666666666666,367,22
13345,6.666666666666667,208,9
13346,7.25,208,9
13347,14.0,493,32
13348,12.25,493,32
13351,8.916666666666666,2535,96
13352,7.583333333333333,2534,97
13401,7.083333333333333,230,28
13402,6.416666666666667,230,28
13403,14.916666666666666,572,26
13404,13.583333333333334,575,26
13409,5.5,231,17
13410,5.75,231,17
13413,9.5,1399,63
13414,9.416666666666666,1399,61
13415,9.5,399,18
13416,10.5,399,18
13417,14.5,659,16
13418,14.833333333333334,660,16
13419,6.583333333333333,239,18
13420,6.916666666666668,239,18
13421,4.833333333333333,224,11
13422,5.083333333333333,224,11
13423,10.833333333333334,1748,18
13424,11.583333333333334,1749,18
13425,16.333333333333332,2141,30
13426,17.416666666666668,2130,30
13429,5.5,1405,24
13430,6.666666666666667,1405,24
13465,7.083333333333333,329,15
13466,6.666666666666667,329,15
13483,9.5,1447,65
13484,9.416666666666666,1447,63
13501,6.583333333333333,330,18
13502,6.583333333333333,323,18
13505,8.0,379,14
13506,8.0,372,14
13507,13.583333333333334,641,15
13508,14.333333333333334,643,15
13509,20.75,859,24
13510,20.25,861,22
13511,3.5,166,9
13512,3.3333333333333335,166,9
14001,8.083333333333334,471,2
14002,7.333333333333332,471,2
14003,5.583333333333333,1418,23
14004,5.833333333333333,1418,23
14005,2.0,1182,41
14006,5.333333333333333,1183,43
14007,4.833333333333332,1235,34
14008,5.583333333333333,1236,34
14011,8.333333333333334,410,9
14012,9.0,410,9
14013,13.25,627,15
14014,14.083333333333334,627,15
14015,4.416666666666667,1218,35
14016,5.083333333333333,1219,36
14017,4.833333333333332,1282,36
14018,5.583333333333333,1283,36
14019,22.833333333333332,2478,18
14020,0.5833333333333321,2479,18
14021,7.333333333333332,291,18
14022,7.416666666666668,291,18
14033,14.916666666666666,653,32
14034,15.166666666666666,653,30
14035,9.583333333333334,495,19
14036,11.083333333333334,495,20
14041,11.0,338,20
14042,11.166666666666666,338,20
14043,7.166666666666667,237,13
14044,7.166666666666667,237,13
14055,6.666666666666668,2578,62
14056,4.75,2579,61
14085,6.666666666666668,263,20
14086,6.466666666666667,263,20
14095,5.583333333333333,269,14
14096,5.75,269,15
14101,4.25,208,13
14102,5.0,208,13
14109,5.083333333333333,213,12
14110,4.416666666666667,213,12
14113,9.666666666666666,360,15
14114,9.083333333333334,360,16
14115,14.0,724,15
14116,15.0,724,15
14117,6.833333333333333,263,10
14118,7.0,263,10
14119,8.583333333333334,335,11
14120,8.25,335,11
14123,5.083333333333333,246,15
14124,5.416666666666667,246,15
14125,6.833333333333332,202,15
14126,5.916666666666667,202,15
14151,10.5,429,13
14152,11.75,478,13
14163,12.916666666666666,629,30
14164,13.166666666666666,629,24
14201,5.333333333333333,197,11
14202,5.333333333333333,197,11
14203,5.833333333333333,301,14
14204,6.5,301,14
14205,12.25,614,11
14206,12.916666666666666,614,11
14207,13.75,659,16
14208,12.5,659,16
14209,3.75,194,8
14210,4.0,194,8
14211,4.333333333333333,188,18
14212,4.5,191,18
14213,6.0,254,12
14214,6.75,255,12
14215,4.166666666666667,200,11
14216,4.416666666666667,200,11
14217,19.333333333333332,875,41
14218,18.25,875,40
14219,6.25,301,12
14220,7.5,301,12
14221,5.25,203,9
14222,5.083333333333333,203,9
14227,5.083333333333333,276,13
14228,5.666666666666667,276,12
14235,14.666666666666666,558,48
14236,15.25,558,45
14257,16.25,793,32
14258,17.0,793,34
14260,7.0,319,8
14265,22.083333333333332,845,49
14266,21.333333333333332,845,51
14307,12.666666666666666,460,41
14308,12.333333333333334,460,40
14309,4.666666666666667,1226,30
14310,3.25,1228,30
14311,8.0,1543,46
14312,7.916666666666667,1540,45
14313,7.416666666666667,1592,26
14314,9.0,1591,27
14315,5.666666666666667,257,16
14316,5.25,257,16
14317,4.666666666666667,1165,30
14318,0.8333333333333334,1168,30
14319,22.666666666666668,1021,19
14320,0.08333333333333333,1020,19
14321,3.5,1409,46
14322,3.5,1407,45
14323,2.3333333333333335,71,6
14324,1.75,71,6
14369,20.25,722,36
14370,19.416666666666668,722,36
14371,4.25,201,10
14372,4.833333333333333,201,10
14501,10.583333333333334,523,13
14502,11.083333333333334,523,13
14503,9.583333333333334,479,10
14504,10.5,479,10
14505,5.75,286,11
14506,5.916666666666667,286,12
14511,18.25,773,29
14512,17.083333333333332,773,28
14519,7.5,335,19
14520,7.25,335,19
14521,5.583333333333333,261,14
14522,6.0,261,14
14523,2.9166666666666665,1295,21
14524,3.416666666666668,1296,21
14525,6.75,314,15
14526,6.916666666666667,314,15
14545,8.25,212,27
14546,6.583333333333333,203,27
14553,9.833333333333334,398,28
14554,9.333333333333334,398,26
14555,7.583333333333333,271,21
14556,7.083333333333333,271,21
14601,3.75,184,10
14602,4.416666666666667,184,10
14603,10.5,1568,33
14604,6.833333333333333,1571,33
14609,14.083333333333334,635,22
14610,16.25,635,22
14611,4.083333333333333,1385,14
14613,5.0,236,8
14614,4.75,236,8
14615,16.0,661,18
14616,14.5,661,18
14623,20.0,1027,23
14624,21.5,1029,23
14625,7.5,382,18
14626,7.333333333333333,382,18
14629,2.5833333333333335,123,9
14630,2.5,123,9
14631,12.5,462,27
14632,12.416666666666666,462,29
14633,2.5,106,7
14634,2.5,106,7
14645,13.583333333333334,639,29
14646,13.916666666666666,639,28
14649,16.666666666666668,1668,63
14650,13.333333333333334,1669,58
14659,18.166666666666668,919,39
14660,18.5,919,39
14661,4.0,209,8
14662,4.25,209,8
14673,16.666666666666668,1650,58
14674,13.333333333333334,1653,58
14681,9.083333333333334,438,21
14682,8.75,438,21
14703,6.583333333333333,314,14
14704,6.333333333333333,314,14
14707,0.16666666666666666,1211,34
14708,0.5,1209,34
14709,16.666666666666668,2094,31
14710,15.5,2091,31
14711,9.833333333333334,471,21
14712,9.333333333333334,471,21
14713,11.833333333333334,534,15
14714,12.5,534,15
14715,10.833333333333334,445,10
14716,9.666666666666666,445,10
14717,16.25,751,14
14718,15.583333333333334,751,14
14723,16.25,604,31
14724,16.583333333333332,605,30
14731,10.666666666666666,521,29
14732,10.75,521,29
14795,2.4166666666666665,108,6
14796,2.6666666666666665,108,6
14801,16.0,735,41
14803,9.583333333333334,479,17
14804,10.0,479,17
14805,21.5,2242,38
14806,2.25,2240,37
14807,2.9166666666666665,150,10
14808,3.4166666666666665,150,10
14809,6.0,300,11
14810,6.5,300,11
14811,6.666666666666667,291,12
14812,6.333333333333333,291,12
14853,1.25,1193,36
14854,1.0,1194,37
14863,0.4166666666666667,1145,31
14864,23.25,1146,32
14865,0.4166666666666667,1170,33
14866,23.333333333333332,1171,33
14887,22.75,1082,40
14888,23.166666666666668,1082,40
14889,6.0,324,2
14890,4.833333333333333,324,2
15001,23.916666666666668,1122,26
15002,0.75,1124,26
15003,14.25,551,31
15004,13.333333333333334,551,28
15005,16.666666666666668,813,16
15006,16.666666666666668,814,16
15007,12.75,503,36
15008,13.25,505,37
15009,8.083333333333334,329,16
15011,16.0,698,20
15012,16.083333333333332,698,20
15013,4.333333333333333,1255,39
15014,2.5833333333333335,1256,39
15015,3.1666666666666665,2501,23
15016,5.916666666666667,2504,23
15017,12.583333333333334,1718,73
15018,12.583333333333334,1718,73
15019,2.5833333333333335,81,5
15020,2.4166666666666665,81,5
15021,20.05,1056,15
15022,20.25,1055,15
15023,2.4166666666666665,2460,24
15024,20.083333333333332,2473,24
15025,17.0,823,11
15026,17.75,823,11
15027,0.3333333333333333,859,50
15028,0.75,864,50
15029,10.666666666666666,1747,20
15030,9.25,1748,20
15033,5.083333333333333,243,8
15034,5.166666666666667,243,8
15035,6.75,278,10
15036,6.666666666666667,277,10
15037,5.916666666666667,246,20
15038,5.583333333333333,247,20
15039,2.5833333333333335,107,8
15040,2.0,107,8
15041,2.25,107,9
15042,2.3333333333333335,107,9
15043,10.083333333333334,341,11
15044,7.833333333333333,341,11
15045,23.166666666666668,2285,39
15046,22.416666666666668,2286,39
15047,17.25,855,19
15048,16.916666666666668,858,19
15049,19.25,879,27
15050,20.416666666666668,882,27
15051,17.75,873,22
15052,18.25,875,23
15053,13.416666666666666,535,13
15054,14.333333333333334,536,13
15055,10.583333333333334,440,21
15056,11.333333333333334,440,21
15057,14.083333333333334,748,8
15058,14.333333333333334,749,8
15059,6.5,248,11
15060,6.5,248,11
15063,10.5,1745,23
15064,10.666666666666666,1745,23
15065,10.833333333333334,1743,23
15066,10.666666666666666,1743,23
15067,14.583333333333334,1896,26
15068,17.25,1895,26
15069,6.083333333333333,333,11
15070,6.916666666666667,333,11
15097,12.75,1777,31
15098,11.25,1780,31
15101,9.0,1878,19
15102,13.083333333333334,1882,19
15103,5.75,234,15
15104,5.75,234,16
15105,4.0,177,10
15106,4.333333333333333,179,16
15111,4.916666666666667,222,14
15112,5.25,222,14
15115,0.6666666666666666,996,21
15116,23.333333333333332,996,21
15117,10.416666666666666,492,11
15118,10.583333333333334,493,10
15119,5.75,2790,37
15120,3.583333333333332,2785,37
15159,0.3333333333333333,1091,50
15160,1.25,1092,46
15201,7.083333333333333,204,17
15202,5.916666666666667,204,17
15203,16.5,670,37
15204,17.0,674,37
15205,13.666666666666666,585,28
15206,12.833333333333334,585,27
15209,8.25,1520,48
15210,8.916666666666666,1523,48
15211,8.5,1485,48
15212,7.916666666666668,1486,46
15215,4.333333333333333,159,13
15216,3.8333333333333335,159,13
15227,4.083333333333332,2729,36
15228,4.416666666666667,2729,35
15231,8.833333333333334,1523,32
15232,11.5,1520,34
15233,11.833333333333334,534,10
15234,11.416666666666666,534,10
15235,11.416666666666666,535,11
15236,11.25,536,11
15267,13.166666666666666,1924,24
15268,15.833333333333334,1925,23
15269,11.833333333333334,1744,25
15270,11.5,1745,25
15271,11.75,549,12
15272,11.75,550,12
15273,0.25,955,45
15274,23.333333333333332,956,45
15275,2.833333333333332,109,8
15276,3.6666666666666665,109,8
15279,0.3333333333333333,1182,22
15280,1.8333333333333333,1185,22
15283,11.0,373,19
15284,10.25,373,19
15417,17.75,589,26
15418,15.25,589,26
15463,6.75,308,15
15464,6.916666666666667,309,15
15483,13.25,1638,58
15484,13.416666666666666,1638,59
15529,2.75,1253,25
15530,3.333333333333332,1255,25
15531,12.0,1612,28
15532,10.083333333333334,1615,28
15547,13.166666666666666,1963,20
15548,12.0,1963,20
15549,7.666666666666667,243,10
15550,7.5,243,10
15559,16.25,2018,27
15560,16.833333333333332,2020,27
15563,11.666666666666666,1865,26
15564,13.833333333333334,1866,26
15601,18.5,2294,14
15602,21.0,2295,14
15603,14.0,571,35
15604,13.833333333333334,570,35
15605,6.666666666666667,233,20
15606,6.75,233,20
15613,11.5,491,25
15614,12.083333333333334,491,25
15617,7.583333333333332,332,14
15618,8.75,332,14
15619,23.583333333333332,1093,21
15620,22.666666666666668,1093,21
15621,12.083333333333334,1901,25
15622,15.0,1904,25
15623,7.583333333333333,2541,46
15624,4.5,2540,46
15629,7.0,2796,40
15630,6.25,2797,40
15631,2.5,2462,34
15632,23.25,2461,34
15635,19.333333333333332,3219,44
15636,17.166666666666668,3219,44
15639,7.166666666666667,1512,26
15640,8.083333333333334,1513,26
15643,7.916666666666668,1534,27
15644,7.75,1548,26
15645,3.9166666666666665,2598,47
15646,3.0833333333333335,2597,48
15647,4.916666666666667,2740,54
15648,5.0,2739,55
15651,23.416666666666668,2344,43
15652,0.9166666666666666,2348,43
15653,23.416666666666668,2431,43
15654,0.9166666666666666,2433,43
15655,5.25,2606,40
15656,8.833333333333334,2607,40
15657,21.416666666666668,977,33
15658,20.5,977,33
15659,14.416666666666666,1555,40
15660,13.916666666666666,1554,40
15661,2.1666666666666665,1228,29
15662,2.5,1232,29
15665,5.666666666666667,250,9
15666,5.75,249,9
15667,16.5,3142,36
15668,15.666666666666666,3142,36
15669,5.416666666666668,250,7
15670,4.916666666666667,249,7
15707,14.0,1787,51
15708,13.0,1790,53
15711,8.833333333333334,398,11
15712,8.833333333333334,419,11
15713,6.916666666666667,289,19
15714,7.166666666666667,289,19
15715,15.5,1834,28
15716,16.166666666666668,1834,28
15717,11.416666666666666,405,26
15718,10.5,404,26
15719,5.25,202,18
15720,5.25,202,18
15721,17.0,752,18
15722,15.75,773,18
15723,13.083333333333334,545,13
15724,12.0,545,13
15765,6.6,262,19
15766,8.5,262,19
15767,4.75,161,14
15768,4.0,161,14
15769,9.916666666666666,450,27
15770,9.75,449,26
15771,7.166666666666667,300,20
15772,7.166666666666667,300,20
15815,4.75,182,12
15816,4.75,182,12
15903,6.5,2636,35
15904,9.0,2640,35
15905,7.666666666666668,4260,57
15906,10.75,4256,58
15909,18.916666666666668,3114,89
15927,14.5,595,27
15928,14.0,595,27
15929,20.25,3353,51
15930,21.5,3353,51
15933,14.083333333333334,2870,38
15934,13.166666666666666,2872,38
15941,13.833333333333334,1712,32
15942,12.333333333333334,1712,32
15959,12.333333333333334,1507,56
15960,11.333333333333334,1528,56
15967,15.416666666666666,604,31
15968,14.75,603,31
16003,2.75,1365,26
16004,3.25,1363,27
16021,9.583333333333334,498,24
16022,10.5,499,23
16023,3.1666666666666665,143,10
16024,3.0,143,10
16031,10.083333333333334,2859,81
16032,12.416666666666666,2857,82
16053,3.5833333333333335,148,8
16054,3.6666666666666665,146,9
16057,3.25,148,8
16058,3.8333333333333335,146,9
16085,3.1666666666666665,144,15
16086,2.8333333333333335,144,14
16089,4.416666666666667,212,16
16090,4.25,213,16
16093,15.416666666666666,2086,47
16094,18.0,2083,46
16101,13.166666666666666,664,24
16102,13.583333333333334,664,25
16105,16.25,775,29
16106,16.416666666666668,774,29
16115,4.25,196,10
16116,3.9166666666666665,196,10
16127,21.583333333333332,1095,48
16128,23.083333333333332,1096,48
16129,1.0,31,4
16130,0.6666666666666666,31,3
16175,8.416666666666666,360,16
16176,8.166666666666666,360,16
16179,8.333333333333334,394,13
16180,8.333333333333334,394,13
16181,13.0,682,26
16182,13.583333333333334,682,27
16183,7.666666666666668,351,18
16184,7.166666666666668,350,18
16185,0.5833333333333334,10,2
16186,0.4166666666666667,10,2
16187,14.5,591,29
16188,13.583333333333334,592,27
16203,3.5833333333333335,148,10
16204,4.0,146,11
16205,7.75,372,13
16206,7.5,372,13
16209,0.5,2278,45
16210,23.166666666666668,2279,44
16215,2.75,138,10
16216,2.8333333333333335,138,10
16217,6.333333333333333,1304,24
16218,6.083333333333332,1304,24
16227,11.583333333333334,508,35
16228,11.666666666666666,508,31
16229,4.666666666666667,2698,35
16231,14.916666666666666,676,24
16232,15.5,676,25
16233,2.6666666666666665,120,7
16234,2.4166666666666665,120,7
16235,17.166666666666668,775,35
16301,8.083333333333334,327,30
16302,7.916666666666667,327,30
16303,4.916666666666667,220,19
16304,5.166666666666667,219,19
16305,5.75,282,16
16306,5.916666666666667,282,17
16307,7.583333333333333,338,27
16308,8.083333333333334,339,28
16311,5.166666666666668,2701,44
16312,6.083333333333333,2704,44
16313,7.583333333333333,338,27
16314,8.083333333333334,339,26
16315,16.083333333333332,829,22
16316,15.833333333333334,830,22
16317,1.0833333333333333,3769,71
16318,0.0,3765,75
16331,15.166666666666666,1953,43
16332,16.416666666666668,1954,42
16333,22.416666666666668,2407,59
16334,1.0,2411,59
16335,20.916666666666668,2348,56
16336,22.25,2352,56
16337,18.25,2253,50
16338,20.666666666666668,2258,51
16339,15.166666666666666,1874,40
16340,14.333333333333334,1875,39
16341,6.5,302,23
16342,6.833333333333332,302,22
16343,14.666666666666666,609,22
16344,14.666666666666666,610,22
16345,6.25,1510,46
16346,6.916666666666667,1514,46
16347,14.416666666666666,630,50
16348,14.416666666666666,632,49
16349,1.25,67,9
16350,1.3333333333333333,66,9
16351,16.083333333333332,1942,47
16352,15.833333333333334,1945,46
16353,5.0,1490,31
16354,5.833333333333333,1492,31
16359,10.333333333333334,2987,44
16360,6.75,2980,44
16381,20.833333333333332,2130,63
16382,22.0,2132,62
16501,9.666666666666666,1797,25
16502,12.833333333333334,1785,27
16505,18.25,1949,34
16506,14.666666666666666,1952,33
16507,21.916666666666668,2103,46
16508,19.0,2104,45
16515,15.833333333333334,667,22
16516,15.0,649,22
16517,14.666666666666666,579,20
16518,15.666666666666666,578,20
16519,3.5833333333333335,148,16
16520,3.3333333333333335,148,15
16521,1.75,70,8
16522,1.5833333333333333,70,8
16523,5.25,262,14
16524,5.666666666666667,260,14
16525,20.833333333333332,934,46
16526,19.333333333333332,934,49
16527,13.333333333333334,655,18
16528,13.916666666666666,654,18
16531,23.25,2213,38
16532,0.6666666666666666,2201,38
16533,23.25,2173,30
16534,23.75,2161,30
16535,20.666666666666668,966,32
16536,20.833333333333332,964,32
16557,2.6666666666666665,138,9
16558,3.0,138,9
16565,17.75,833,20
16566,17.25,833,20
16569,13.0,611,15
16570,13.5,599,15
16571,14.25,687,18
16572,13.583333333333334,687,18
16573,10.25,453,10
16574,11.5,452,10
16575,9.75,409,14
16576,9.0,394,14
16577,7.25,333,12
16578,6.25,332,12
16579,5.75,268,9
16580,5.5,267,9
16581,6.166666666666668,268,10
16582,6.083333333333332,267,10
16587,1.8333333333333333,2440,35
16588,5.166666666666668,2440,34
16589,16.416666666666668,797,30
16590,16.666666666666668,794,30
16591,14.916666666666666,668,30
16592,15.666666666666666,668,30
16593,23.5,1021,43
16594,0.75,1021,43
16603,13.666666666666666,620,32
16604,12.666666666666666,619,31
16605,15.916666666666666,691,41
16606,15.0,689,41
16613,20.583333333333332,2220,35
16614,19.5,2222,36
16615,8.5,334,10
16616,7.166666666666667,334,9
16617,11.666666666666666,498,17
16618,10.75,498,15
16629,15.5,631,54
16630,14.916666666666666,632,54
16649,15.5,703,52
16650,15.916666666666666,702,50
16687,22.25,3663,63
16688,0.8333333333333334,3661,67
16723,17.166666666666668,858,31
16724,17.083333333333332,858,32
16733,15.583333333333334,3177,42
16734,12.25,3175,42
16779,18.583333333333332,816,23
16780,18.25,817,23
16787,9.75,454,11
16788,9.416666666666666,454,11
16790,11.25,454,11
16791,10.0,347,29
16792,9.416666666666666,348,29
16793,9.5,2916,20
16794,7.25,2912,20
16853,7.75,400,19
16854,7.833333333333333,400,19
16855,16.916666666666668,796,23
16856,16.916666666666668,795,23
16857,17.333333333333332,861,19
16858,16.916666666666668,861,19
16859,22.5,983,52
16860,21.333333333333332,982,53
16861,15.5,699,23
16862,15.583333333333334,698,23
16863,1.75,2853,43
16864,5.416666666666667,2855,42
17001,15.833333333333334,771,25
17002,16.633333333333333,771,25
17009,3.5833333333333335,163,9
17010,3.5,162,9
17011,6.166666666666667,316,21
17012,5.75,305,20
17013,14.25,639,15
17014,14.5,640,15
17015,23.0,1135,41
17016,22.833333333333332,1135,41
17017,5.083333333333333,1467,27
17018,4.0,1468,28
17019,17.166666666666668,2002,34
17020,15.166666666666666,2004,34
17021,7.75,376,9
17022,10.666666666666666,373,9
17023,5.0,243,16
17024,4.916666666666667,243,14
17025,7.25,341,15
17026,7.25,341,15
17027,4.666666666666667,243,13
17028,5.5,243,13
17031,17.166666666666668,791,26
17032,16.416666666666668,793,26
17037,16.916666666666668,2120,28
17038,17.166666666666668,2121,28
17057,17.333333333333332,875,30
17058,18.75,875,29
17063,12.0,615,23
17064,12.583333333333334,615,23
17201,7.75,391,24
17202,8.25,390,25
17203,16.833333333333332,2051,31
17204,16.0,2053,32
17205,2.4166666666666665,1346,39
17206,3.3,1347,39
17207,22.083333333333332,1129,32
17208,22.716666666666665,1130,32
17209,19.75,962,35
17210,18.916666666666668,962,36
17211,18.5,768,21
17212,16.75,768,21
17213,22.083333333333332,1092,23
17214,23.75,1092,23
17215,13.833333333333334,619,16
17216,14.833333333333334,619,16
17221,2.3333333333333335,1306,23
17222,1.0833333333333333,1306,23
17225,15.583333333333334,693,26
17226,15.75,691,26
17229,5.666666666666667,1562,43
17230,7.083333333333333,1563,43
17231,23.583333333333332,1048,27
17232,23.75,1048,28
17233,9.583333333333334,375,34
17234,8.583333333333334,374,34
17235,14.583333333333334,669,16
17236,13.916666666666666,668,16
17239,10.333333333333334,382,27
17240,8.166666666666666,383,26
17241,2.0,76,8
17242,2.0833333333333335,77,8
17255,10.5,462,21
17256,10.916666666666666,464,21
17301,9.5,493,18
17302,10.5,490,17
17305,2.0833333333333335,90,4
17307,22.666666666666668,993,34
17308,23.666666666666668,994,32
17309,15.5,665,18
17310,15.083333333333334,662,18
17311,22.0,1029,24
17312,21.25,1027,25
17315,3.4166666666666665,1269,24
17316,6.25,1273,27
17317,15.5,732,16
17318,16.5,731,16
17319,14.916666666666666,660,22
17320,15.833333333333334,661,22
17321,18.416666666666668,796,12
17322,20.333333333333332,797,13
17323,18.166666666666668,2037,24
17324,15.916666666666666,2037,24
17325,12.666666666666666,607,25
17326,12.916666666666666,609,25
17401,10.166666666666666,466,21
17402,9.583333333333334,466,21
17403,2.3333333333333335,94,8
17404,2.75,94,9
17405,0.8333333333333334,1154,61
17406,0.6666666666666666,1153,62
17407,10.666666666666666,462,19
17408,10.833333333333334,463,19
17409,4.0,184,9
17410,4.0,184,9
17411,11.083333333333334,517,18
17412,10.916666666666666,517,19
17413,6.75,302,11
17414,6.75,302,11
17415,19.583333333333332,904,31
17416,20.416666666666668,903,32
17417,5.25,1419,37
17418,4.083333333333333,1419,38
17419,18.666666666666668,778,31
17420,18.833333333333332,777,26
17479,3.8333333333333335,1231,72
17480,4.083333333333333,1231,73
17481,6.25,1402,65
17482,7.083333333333333,1400,66
17487,15.0,735,36
17488,15.333333333333334,736,33
17603,13.416666666666666,653,18
17604,13.5,652,18
17605,3.5833333333333335,1522,28
17606,5.5,1518,28
17609,8.0,1736,17
17610,8.333333333333334,1738,17
17613,17.416666666666668,667,13
17614,15.5,667,14
17615,0.5,1283,23
17616,1.1666666666666667,1286,23
17617,11.75,604,20
17618,11.75,604,20
17619,5.75,236,8
17620,5.5,236,8
17621,23.25,1148,28
17622,1.0,1148,28
17623,10.5,1675,29
17624,11.083333333333334,1677,29
17625,8.0,347,21
17626,9.416666666666666,341,19
17639,11.333333333333334,513,21
17640,10.75,513,21
17641,16.0,730,32
17642,15.75,730,32
17643,18.166666666666668,759,36
17644,17.833333333333332,760,36
17651,16.333333333333332,825,21
17652,16.5,824,23
17687,9.083333333333334,416,24
17688,9.333333333333334,419,24
18005,1.25,1163,48
18006,2.0,1164,46
18007,5.333333333333333,260,13
18008,6.333333333333333,259,13
18009,16.5,2000,24
18010,18.5,2002,24
18029,14.333333333333334,1957,83
18030,13.833333333333334,1955,82
18047,15.583333333333334,2128,44
18048,15.5,2125,45
18101,23.333333333333332,2017,71
18102,20.0,2017,72
18103,9.25,1746,25
18104,9.166666666666666,1747,25
18107,13.75,644,13
18108,13.5,644,13
18111,23.5,2434,42
18112,1.75,2421,42
18117,16.916666666666668,796,26
18118,17.5,796,26
18181,18.833333333333332,629,37
18182,18.0,629,37
18183,11.5,507,36
18184,11.583333333333334,507,35
18189,2.8333333333333335,159,9
18190,3.0,159,10
18191,18.333333333333332,685,33
18192,19.083333333333332,687,31
18201,2.9166666666666665,1207,25
18202,3.0833333333333335,1212,25
18203,17.666666666666668,879,20
18204,18.833333333333332,883,21
18205,2.9166666666666665,1153,24
18206,5.333333333333333,1161,24
18207,1.8333333333333333,1396,22
18208,2.75,1404,22
18211,14.5,660,15
18212,16.833333333333332,665,15
18213,23.333333333333332,1250,20
18214,0.5833333333333334,1258,20
18215,12.583333333333334,1906,26
18216,14.166666666666666,1916,26
18233,0.0,1008,72
18234,0.16666666666666666,1009,74
18235,19.833333333333332,720,67
18236,21.666666666666668,721,67
18237,17.916666666666668,1998,85
18238,20.083333333333332,1990,89
18239,11.583333333333334,520,31
18240,7.416666666666668,406,18
18241,11.166666666666666,463,32
18242,11.666666666666666,471,32
18243,10.666666666666666,1818,33
18244,11.166666666666666,1808,33
18245,11.416666666666666,1884,33
18246,12.833333333333334,1874,33
18247,11.25,468,39
18248,11.666666666666666,465,39
18301,6.583333333333333,321,20
18302,6.083333333333333,321,20
18303,6.583333333333333,340,16
18304,6.75,340,16
18309,9.0,378,14
18310,9.583333333333334,381,14
18311,19.75,890,37
18312,19.25,893,37
18401,4.416666666666667,2779,41
18402,1.8333333333333333,2775,41
18403,2.5833333333333335,126,6
18404,2.9166666666666665,126,6
18405,13.083333333333334,2013,40
18406,13.5,2005,40
18407,8.75,1697,26
18408,7.583333333333333,1691,26
18409,9.583333333333334,504,20
18410,9.666666666666666,503,21
18413,4.5,172,12
18414,3.75,172,12
18415,10.75,396,30
18416,10.416666666666666,396,30
18419,23.166666666666668,998,24
18420,22.166666666666668,998,24
18421,22.416666666666668,2483,41
18422,1.0833333333333333,2479,41
18425,17.166666666666668,810,28
18426,17.0,803,28
18437,3.3333333333333335,146,11
18438,3.5,146,11
18447,17.666666666666668,784,41
18448,18.0,784,41
18449,19.583333333333332,926,27
18450,18.25,926,27
18451,15.333333333333334,686,24
18452,15.083333333333334,686,25
18463,6.583333333333333,1546,47
18464,6.833333333333333,1545,46
18477,0.0,2347,76
18478,0.3333333333333333,2354,75
18495,10.166666666666666,1884,25
18496,11.0,1884,25
18501,15.416666666666666,2116,29
18502,15.833333333333334,2113,29
18503,3.25,1406,25
18504,2.9166666666666665,1405,25
18507,23.666666666666668,2552,48
18508,0.08333333333333333,2556,48
18511,7.0,357,12
18512,7.083333333333333,357,11
18517,15.0,726,31
18518,15.083333333333334,727,31
18519,5.25,1512,20
18520,4.333333333333333,1497,20
18567,6.166666666666667,1572,33
18568,4.25,1576,33
18573,16.583333333333332,2056,35
18574,17.916666666666668,2060,35
18605,16.5,637,17
18606,17.0,640,17
18609,15.0,2014,29
18610,15.583333333333334,2018,29
18611,12.75,574,30
18612,12.666666666666666,576,30
18613,10.0,480,20
18614,11.416666666666666,482,20
18615,9.25,430,17
18616,9.416666666666666,426,17
18619,9.833333333333334,400,17
18620,9.833333333333334,402,17
18621,14.666666666666666,571,42
18622,15.666666666666666,569,43
18623,11.25,417,26
18624,11.416666666666666,414,25
18625,9.333333333333334,417,21
18626,9.5,414,21
18631,9.166666666666666,1663,39
18632,8.75,1665,39
18637,10.25,1884,27
18638,12.666666666666666,1884,27
18645,6.166666666666667,1602,59
18646,6.333333333333333,1602,61
18695,3.0,64,8
18696,2.4166666666666665,64,8
18697,8.166666666666666,314,27
18698,8.5,314,27
19015,21.25,958,63
19016,22.166666666666668,958,62
19019,17.5,1676,98
19020,18.333333333333332,1678,92
19021,6.166666666666667,1681,23
19022,7.833333333333333,1681,23
19023,14.833333333333334,1759,94
19024,14.583333333333334,1762,97
19025,11.5,567,21
19026,12.0,567,21
19027,13.166666666666666,1878,33
19028,12.916666666666666,1879,33
19031,2.25,1200,43
19032,1.8333333333333333,1203,43
19033,6.333333333333333,297,27
19034,6.25,297,27
19035,2.25,99,10
19036,2.6666666666666665,99,11
19037,15.083333333333334,1832,68
19038,15.25,1831,68
19039,23.166666666666668,2142,82
19040,22.583333333333332,2140,82
19041,11.083333333333334,1909,31
19042,12.333333333333334,1910,27
19045,8.75,1732,35
19046,9.666666666666666,1730,35
19051,11.0,1786,17
19052,9.416666666666666,1785,17
19053,22.333333333333332,2121,25
19054,21.5,2120,25
19055,16.25,750,18
19056,15.583333333333334,751,18
19057,3.083333333333332,1403,13
19058,5.25,1402,13
19061,5.75,1635,28
19062,6.083333333333333,1636,28
19063,6.25,1596,18
19064,6.75,1595,18
19107,7.083333333333333,1537,19
19108,10.166666666666666,1539,19
19115,16.0,843,29
19116,15.333333333333334,843,29
19119,9.333333333333334,435,19
19120,9.5,435,19
19151,6.0,300,17
19152,5.916666666666667,300,17
19165,22.25,1945,70
19166,23.166666666666668,1945,72
19167,12.583333333333334,1600,57
19168,13.25,1601,57
19201,8.916666666666666,1690,29
19202,9.833333333333334,1689,29
19215,21.25,958,63
19217,15.666666666666666,807,30
19218,15.75,807,33
19223,8.25,1474,58
19224,7.166666666666667,1476,60
19225,11.916666666666666,489,24
19226,12.25,489,24
19251,9.833333333333334,438,17
19252,9.416666666666666,438,17
19259,21.5,2274,41
19260,19.583333333333332,2270,41
19261,21.5,2427,30
19262,20.583333333333332,2423,30
19263,4.416666666666667,1394,28
19264,4.583333333333333,1396,32
19269,2.9166666666666665,2465,35
19270,2.0833333333333335,2465,35
19301,14.166666666666666,1895,32
19302,17.916666666666668,1895,32
19303,5.583333333333332,262,18
19304,5.666666666666668,262,17
19307,1.1666666666666667,1100,19
19308,22.416666666666668,1102,19
19309,12.083333333333334,563,19
19310,11.25,564,19
19311,17.916666666666668,969,17
19312,19.583333333333332,970,17
19313,3.3333333333333335,1347,17
19314,3.9166666666666665,1347,17
19321,3.3333333333333335,1394,17
19322,3.9166666666666665,1395,17
19323,4.083333333333333,217,7
19324,4.333333333333333,217,7
19325,5.083333333333333,1323,24
19326,3.25,1326,24
19327,7.233333333333333,302,16
19328,6.75,302,16
19329,11.75,481,18
19330,12.416666666666666,481,18
19331,18.25,2300,32
19332,21.416666666666668,2296,32
19401,2.8333333333333335,1298,27
19402,3.916666666666668,1300,27
19403,6.0,1550,20
19404,6.083333333333333,1552,20
19407,8.666666666666666,1693,21
19408,8.333333333333334,1696,21
19409,7.833333333333333,1569,29
19410,8.75,1569,29
19411,9.666666666666666,489,12
19412,9.166666666666666,491,12
19413,9.166666666666666,2617,37
19414,6.083333333333333,2618,37
19415,11.75,1716,31
19416,13.583333333333334,1718,31
19419,9.75,1721,26
19420,7.5,1719,27
19421,10.0,1666,29
19422,12.166666666666666,1669,28
19565,11.166666666666666,1662,33
19566,10.333333333333334,1664,33
19567,3.583333333333332,2730,42
19568,7.25,2730,43
19571,4.666666666666667,201,15
19572,4.25,201,15
19573,19.916666666666668,1049,20
19574,21.166666666666668,1051,20
19575,22.333333333333332,1126,20
19576,23.166666666666668,1126,20
19577,21.5,2438,29
19578,1.3333333333333333,2434,29
19579,21.75,1102,24
19580,21.5,1105,24
19601,18.25,2235,29
19602,19.666666666666668,2232,29
19607,18.25,2000,30
19608,22.083333333333332,2004,30
19609,21.333333333333332,968,29
19611,20.833333333333332,1006,31
19612,19.5,1006,31
19613,16.833333333333332,847,26
19614,16.166666666666668,847,26
19659,12.55,1880,24
19660,13.916666666666666,1883,24
19665,21.166666666666668,1080,29
19666,21.5,1080,29
19707,22.0,1103,39
19708,21.916666666666668,1106,39
19709,0.4166666666666667,2213,37
19710,23.416666666666668,2210,37
19711,17.25,792,34
19712,16.583333333333332,792,34
19713,10.416666666666666,1726,31
19714,8.916666666666666,1726,31
19715,13.416666666666666,675,17
19716,13.583333333333334,674,17
19717,12.25,569,17
19718,12.083333333333334,569,17
19803,0.8333333333333334,1125,30
19804,1.9166666666666667,1127,30
19805,21.75,1084,22
19806,20.583333333333332,1086,22
19807,4.666666666666667,238,11
19808,4.833333333333333,239,11
20501,16.833333333333332,2412,16
20502,17.666666666666668,2413,16
20601,8.833333333333334,558,6
20602,8.916666666666666,554,7
20651,4.916666666666667,273,11
20652,4.916666666666667,273,11
20809,3.0833333333333335,1486,22
20810,2.9166666666666665,1484,22
20811,17.583333333333332,981,13
20812,17.666666666666668,978,13
20813,20.0,2433,43
20814,20.0,2426,43
20815,15.5,862,24
20816,15.666666666666666,862,24
20817,3.5,1893,13
20818,3.5,1894,13
20889,19.083333333333332,1234,8
20890,19.416666666666668,1233,8
20901,3.5833333333333335,185,4
20902,3.1666666666666665,185,4
20903,2.6666666666666665,1536,11
20904,3.5,1535,11
21067,1.9833333333333334,95,4
21068,1.6666666666666667,95,4
21107,1.0,63,2
21108,1.1666666666666667,63,2
21125,13.75,643,17
21126,14.75,643,17
22101,4.666666666666667,260,7
22102,4.7,260,8
22103,3.3333333333333335,1600,17
22104,5.083333333333332,1599,17
22105,3.4166666666666665,191,8
22106,3.4166666666666665,191,7
22109,19.916666666666668,1501,9
22110,20.0,1504,9
22111,10.583333333333334,603,20
22112,10.416666666666666,604,20
22113,3.5,1513,26
22114,3.5833333333333335,1517,26
22115,9.833333333333334,545,8
22116,9.916666666666666,547,8
22117,12.0,730,10
22118,13.083333333333334,730,10
22119,8.333333333333334,561,7
22120,8.5,563,7
22121,23.416666666666668,1411,11
22122,1.1666666666666667,1411,11
22123,14.0,892,10
22124,15.916666666666666,892,10
22125,3.25,1518,10
22126,0.25,1521,10
22127,19.25,1122,21
22128,19.25,1123,21
22131,3.0833333333333335,1543,19
22132,3.8333333333333335,1543,19
22133,11.833333333333334,644,13
22134,11.833333333333334,644,13
22135,12.5,780,16
22136,14.083333333333334,780,16
22137,16.916666666666668,961,14
22138,17.25,961,14
22140,8.0,457,8
22143,12.25,667,17
22144,12.083333333333334,667,17
22145,2.4833333333333334,136,9
22146,2.4833333333333334,136,9
22147,6.0,330,8
22148,6.0,330,8
22149,0.5833333333333334,1371,18
22150,0.08333333333333333,1366,18
22151,20.833333333333332,1191,19
22152,21.583333333333332,1193,19
22161,4.833333333333333,290,11
22162,5.083333333333333,292,11
22163,6.666666666666667,367,9
22164,6.666666666666667,367,9
22165,11.75,656,11
22166,12.0,655,11
22168,18.583333333333332,1050,11
22181,14.25,883,15
22182,14.5,886,15
22187,5.5,330,10
22188,6.083333333333333,330,10
22189,4.25,238,11
22190,4.25,238,11
22191,10.0,554,19
22192,10.0,554,19
22201,7.916666666666668,527,3
22202,8.25,526,3
22203,10.5,708,3
22204,10.25,708,3
22205,8.666666666666666,553,3
22206,8.583333333333334,555,3
22207,14.333333333333334,901,11
22208,14.5,904,11
22209,17.25,1373,5
22210,16.833333333333332,1376,5
22213,8.583333333333334,538,4
22214,8.916666666666666,539,4
22307,3.75,172,5
22308,2.8333333333333335,173,5
22309,9.916666666666666,560,8
22310,10.25,560,8
22321,4.333333333333333,239,10
22322,4.333333333333333,240,10
22323,13.666666666666666,757,9
22324,13.75,758,9
22351,0.6666666666666666,2706,28
22352,0.08333333333333333,2712,28
22356,21.166666666666668,1142,16
22387,4.916666666666667,269,16
22388,4.916666666666667,270,16
22401,10.666666666666666,630,8
22402,10.333333333333334,630,8
22403,16.916666666666668,2364,15
22404,18.166666666666668,2363,15
22405,18.833333333333332,1193,22
22406,17.833333333333332,1193,22
22407,14.75,780,9
22408,13.833333333333334,780,9
22409,16.333333333333332,968,10
22410,14.666666666666666,968,10
22411,14.083333333333334,2127,16
22412,14.083333333333334,2130,16
22413,2.6666666666666665,1908,10
22414,1.9166666666666667,1907,10
22415,10.5,2083,21
22416,11.416666666666666,2083,21
22417,13.5,768,9
22418,13.833333333333334,768,9
22419,14.833333333333334,809,12
22420,14.75,809,12
22421,11.25,623,22
22422,11.25,624,22
22423,19.75,1086,16
22424,19.5,1087,16
22427,14.666666666666666,876,11
22428,15.5,876,11
22429,10.083333333333334,553,15
22430,10.0,553,17
22431,22.75,1255,18
22432,22.666666666666668,1255,18
22433,15.166666666666666,822,11
22434,14.333333333333334,824,10
22439,8.0,655,5
22441,3.1666666666666665,194,9
22442,3.1666666666666665,194,9
22443,4.75,1607,22
22444,3.4166666666666665,1608,22
22445,16.25,897,14
22446,16.25,897,14
22447,1.25,63,2
22448,1.1666666666666667,63,2
22451,4.083333333333333,1580,24
22452,3.5833333333333335,1583,24
22453,7.916666666666667,458,10
22454,8.25,458,10
22455,2.5,1615,15
22456,3.25,1618,15
22457,9.833333333333334,1849,26
22458,8.0,1852,26
22461,11.666666666666666,654,8
22462,11.5,654,8
22463,3.6666666666666665,172,4
22464,2.8333333333333335,173,4
22471,7.916666666666667,455,14
22472,7.916666666666667,455,14
22473,21.916666666666668,1211,23
22474,22.0,1209,23
22475,19.666666666666668,2478,34
22476,21.083333333333332,2482,34
22477,4.833333333333333,312,12
22478,4.833333333333333,311,12
22481,10.583333333333334,620,19
22482,10.75,619,19
22483,9.75,558,14
22484,9.25,558,14
22487,2.3333333333333335,91,7
22488,2.5833333333333335,91,7
22497,9.333333333333334,3101,37
22501,17.583333333333332,3617,41
22502,17.583333333333332,3617,39
22511,6.916666666666667,3011,27
22512,5.25,3006,27
22531,16.0,879,22
22532,16.083333333333332,884,22
22601,1.3333333333333333,1391,23
22602,1.25,1391,24
22603,7.25,1779,20
22604,7.75,1782,20
22605,10.75,1984,30
22606,11.416666666666666,1986,30
22607,11.25,617,14
22608,11.166666666666666,616,14
22609,7.333333333333333,404,14
22610,7.166666666666667,405,14
22611,17.5,2295,22
22612,17.75,2295,22
22613,3.8333333333333335,1661,15
22614,4.083333333333333,1662,15
22615,7.833333333333333,466,8
22616,7.666666666666667,469,8
22617,6.0,336,9
22618,5.833333333333333,336,9
22619,21.083333333333332,2494,30
22620,20.333333333333332,2494,30
22621,7.333333333333332,399,12
22622,7.333333333333332,398,12
22623,10.0,556,11
22624,10.083333333333334,557,11
22625,5.75,360,11
22626,6.0,361,12
22627,8.333333333333334,457,13
22628,8.333333333333334,457,13
22629,7.333333333333332,1758,26
22630,7.833333333333333,1763,26
22631,20.583333333333332,2560,32
22632,19.333333333333332,2558,32
22633,0.0,2841,29
22634,3.083333333333332,2840,29
22635,5.75,319,10
22636,5.75,320,10
22637,16.416666666666668,896,31
22638,16.333333333333332,898,32
22639,13.75,753,25
22640,13.75,755,26
22641,20.916666666666668,2565,37
22642,21.666666666666668,2564,37
22643,2.75,2785,44
22644,2.25,2782,42
22645,0.4166666666666667,2643,52
22646,23.0,2648,51
22647,21.583333333333332,2510,55
22648,21.25,2508,55
22649,7.166666666666668,390,18
22650,7.083333333333332,393,18
22651,13.333333333333334,669,19
22652,13.25,671,20
22653,1.1666666666666667,2854,28
22654,4.25,2852,28
22655,0.6666666666666666,2841,28
22656,4.25,2840,28
22659,9.416666666666666,3154,26
22660,9.416666666666666,3152,27
22661,10.75,592,19
22662,10.833333333333334,592,20
22663,18.75,2353,27
22664,18.833333333333332,2352,27
22667,9.5,531,14
22668,9.333333333333334,532,14
22669,0.6666666666666666,31,4
22670,0.6666666666666666,31,4
22677,15.5,844,13
22678,15.416666666666666,845,13
22679,3.1666666666666665,226,10
22680,3.1666666666666665,211,10
22681,9.083333333333334,499,12
22682,8.833333333333334,498,11
22683,19.0,2352,30
22684,19.0,2338,31
22685,4.583333333333333,2846,18
22686,2.9166666666666665,2845,18
22687,2.4166666666666665,126,4
22688,2.25,126,4
22691,9.916666666666666,2337,15
22692,9.916666666666666,2355,15
22697,15.333333333333334,828,18
22698,15.333333333333334,829,17
22705,3.9166666666666665,2964,14
22706,5.916666666666667,2965,14
22707,13.166666666666666,760,18
22708,13.166666666666666,759,18
22801,14.583333333333334,804,16
22803,10.75,664,11
22804,11.0,663,11
22805,8.083333333333334,1871,18
22806,9.0,1869,18
22807,3.75,1657,18
22808,2.25,1656,18
22809,9.333333333333334,552,17
22810,9.25,552,17
22811,23.0,1717,14
22812,22.75,1718,14
22813,7.25,490,12
22814,8.833333333333334,489,12
22815,13.333333333333334,2144,23
22816,12.75,2145,23
22817,11.583333333333334,2106,21
22818,14.333333333333334,2107,23
22819,7.333333333333333,442,27
22821,3.3333333333333335,188,11
22822,3.25,189,11
22823,1.1666666666666667,1802,13
22824,0.3333333333333333,1802,13
22825,3.4166666666666665,1662,24
22826,5.083333333333333,1661,24
22827,7.583333333333332,1766,18
22828,7.666666666666667,1759,18
22829,19.583333333333332,2431,31
22830,20.21666666666667,2431,31
22831,6.833333333333333,1765,19
22832,7.166666666666667,1764,19
22833,1.0,1511,19
22834,1.75,1514,19
22835,8.75,502,11
22836,8.916666666666666,500,11
22837,16.666666666666668,2234,28
22838,16.666666666666668,2238,27
22839,7.333333333333333,417,12
22840,7.5,417,12
22843,17.583333333333332,966,22
22844,17.5,964,22
22845,6.333333333333333,1771,19
22846,6.75,1779,19
22847,4.583333333333333,1662,23
22848,5.083333333333333,1655,24
22849,2.25,1590,20
22850,3.4166666666666665,1589,20
22851,17.666666666666668,2485,40
22852,19.0,2485,40
22853,14.083333333333334,882,16
22854,15.25,880,16
22855,1.8333333333333333,1613,18
22856,2.5,1612,18
22857,2.9166666666666665,1567,11
22858,3.1666666666666665,1566,11
22859,21.416666666666668,1247,21
22860,22.5,1247,21
22861,4.833333333333333,288,10
22862,5.166666666666667,288,10
22863,5.083333333333333,1957,12
22864,5.25,1959,12
22865,8.5,1853,18
22866,8.083333333333334,1860,18
22867,21.333333333333332,1255,16
22868,22.083333333333332,1266,16
22869,13.833333333333334,780,13
22870,13.25,780,13
22871,20.75,1178,19
22872,21.333333333333332,1178,19
22873,15.083333333333334,930,17
22874,15.583333333333334,930,16
22875,3.9166666666666665,207,14
22876,3.9166666666666665,207,14
22877,13.0,2289,24
22878,14.416666666666666,2293,24
22879,20.75,1178,21
22880,21.333333333333332,1178,21
22881,6.083333333333333,1705,14
22882,6.666666666666668,1706,14
22883,5.0,1493,27
22884,7.0,1504,28
22885,1.0,1701,14
22886,1.8333333333333333,1704,14
22887,8.916666666666666,1970,19
22888,8.583333333333334,1973,20
22889,9.916666666666666,550,13
22890,9.666666666666666,550,13
22891,8.333333333333334,469,14
22892,8.333333333333334,466,15
22893,5.583333333333333,1795,16
22894,5.416666666666667,1801,16
22897,3.3666666666666667,185,9
22898,3.3666666666666667,186,9
22901,16.916666666666668,944,16
22902,16.666666666666668,945,16
22903,12.75,838,8
22904,13.25,838,8
22905,3.0,176,5
22906,3.6666666666666665,176,5
22907,23.666666666666668,1352,18
22908,1.25,1348,18
22909,13.5,2073,24
22910,13.333333333333334,2075,24
22911,7.25,1744,34
22912,7.833333333333332,1745,34
22914,8.416666666666666,1846,13
22915,0.5,1404,30
22916,1.0,1405,30
22917,4.083333333333333,1610,26
22918,3.25,1613,26
22919,7.083333333333332,1721,12
22920,7.083333333333333,1719,12
22925,1.5,69,3
22926,1.75,69,3
22927,8.666666666666666,480,22
22928,8.666666666666666,480,17
22929,4.166666666666667,234,14
22930,4.083333333333333,234,14
22931,22.25,1226,27
22932,22.25,1227,27
22933,18.916666666666668,1146,15
22934,18.833333333333332,1147,15
22935,14.083333333333334,787,12
22936,14.25,787,12
22937,3.25,1600,23
22938,4.333333333333333,1600,23
22939,6.416666666666668,1689,23
22940,6.666666666666667,1697,23
22941,1.5,1393,16
22942,0.25,1396,16
22943,16.916666666666668,963,17
22944,17.5,963,17
22945,18.0,986,30
22946,18.0,986,31
22949,0.4166666666666667,1342,27
22951,15.583333333333334,853,15
22952,15.583333333333334,853,15
22953,8.916666666666666,490,27
22954,8.916666666666666,490,27
22955,15.083333333333334,838,22
22956,15.166666666666666,838,22
22957,7.833333333333332,430,16
22959,10.166666666666666,556,21
22960,10.083333333333334,556,21
22961,9.75,547,18
22962,9.916666666666666,547,18
22963,13.916666666666666,780,18
22964,14.083333333333334,780,18
22965,16.916666666666668,929,10
22966,17.083333333333332,931,10
22967,2.6666666666666665,1488,20
22968,3.083333333333332,1487,20
22969,13.083333333333334,2023,23
22970,10.916666666666666,2024,23
22971,9.5,1847,14
22972,8.383333333333333,1846,14
22973,20.0,2436,38
22974,20.166666666666668,2443,38
22981,16.666666666666668,918,28
22982,16.166666666666668,919,28
22983,7.75,432,14
22989,15.583333333333334,881,16
22990,15.75,881,16
22991,15.833333333333334,910,12
22992,16.5,910,12
22993,15.75,881,15
22994,16.0,881,15
22995,3.5,185,4
22996,3.1666666666666665,185,4
23141,0.8333333333333334,30,3
23142,0.75,30,3
23225,3.1666666666666665,109,11
23226,3.6666666666666665,109,11
23345,2.4166666666666665,81,6
23346,1.9166666666666667,81,6
23347,6.0,204,11
23348,5.666666666666667,204,11
24041,0.8333333333333334,24,3
24042,0.9166666666666666,24,3
24227,6.833333333333333,349,15
24228,7.5,349,15
24369,20.666666666666668,740,38
24370,20.0,740,38
24887,3.5,157,6
24888,4.333333333333333,157,6
25013,2.5,76,3
25014,2.083333333333332,76,3
25035,1.5,76,3
25036,1.9166666666666667,76,3
25201,1.5833333333333333,58,6
25202,1.25,58,6
25631,3.1666666666666665,173,4
25632,3.8333333333333335,172,4
25657,9.666666666666666,1358,37
25658,8.916666666666666,1357,37
28181,4.916666666666667,179,14
28182,4.5,179,14
29019,4.666666666666667,276,8
29020,4.916666666666667,276,8
30111,2.066666666666667,45,23
30112,1.7833333333333334,33,19
30116,0.85,25,14
30121,1.9333333333333333,51,26
30122,2.216666666666667,60,29
30123,1.65,49,25
30128,2.45,66,32
30135,2.683333333333333,84,34
30142,3.216666666666667,128,42
30145,2.6166666666666667,102,34
30152,1.6833333333333333,53,21
30154,1.5833333333333333,53,21
30211,0.48333333333333334,9,8
30311,1.25,28,18
30312,1.5333333333333334,33,21
30313,1.4666666666666666,33,21
30314,1.5333333333333334,41,23
30317,1.8166666666666667,41,23
30321,3.1166666666666667,85,35
30322,2.3833333333333333,77,34
30324,3.066666666666667,80,36
30331,2.066666666666667,55,27
30332,2.2333333333333334,55,27
30333,2.033333333333333,55,27
30342,2.6166666666666667,87,28
30344,2.6333333333333333,87,34
30346,2.75,87,34
30351,1.3333333333333333,37,17
30353,1.4666666666666666,45,19
30357,1.4833333333333334,33,15
30358,1.2,33,15
30361,2.6666666666666665,90,31
30411,1.3333333333333333,24,11
30412,1.05,24,11
30413,1.4166666666666667,24,11
30414,1.0166666666666666,24,11
30416,1.0166666666666666,24,11
30451,1.1,24,11
30452,1.5,31,16
30511,1.1,30,14
30552,1.6,37,17
30612,2.3833333333333333,46,24
30711,1.95,67,26
30712,2.1,67,26
31051,2.0833333333333335,67,26
31053,2.0166666666666666,67,26
31055,2.1333333333333333,67,26
31111,3.566666666666667,154,39
31112,3.6666666666666665,154,37
31151,2.8,116,35
31152,3.0,116,35
31191,0.5,15,7
31192,0.3999999999999986,15,7
31211,0.6666666666666666,25,9
31212,0.7166666666666667,25,9
31213,0.6166666666666667,25,4
31214,0.6666666666666666,25,5
31215,0.6166666666666667,25,5
31216,0.7166666666666667,25,9
31217,0.6833333333333333,25,9
31218,0.7,25,7
31219,0.6333333333333333,25,9
31220,0.75,25,9
31221,0.6666666666666666,25,9
31222,0.7166666666666667,25,9
31223,0.6333333333333333,25,9
31224,0.6833333333333333,25,9
31225,0.6666666666666666,25,9
31226,0.6666666666666666,25,9
31227,0.6666666666666666,25,9
31228,0.7,25,9
31229,0.6666666666666666,25,9
31230,0.7,25,9
31231,0.6666666666666666,25,9
31232,0.6333333333333333,25,9
31233,0.6666666666666666,25,9
31234,0.6666666666666666,25,9
31235,0.6666666666666666,25,9
31236,0.6666666666666666,25,9
31237,0.7,25,9
31238,0.6666666666666666,25,9
31239,0.7,25,9
31240,0.6666666666666666,25,9
31241,0.65,25,9
31261,0.6,20,9
31311,1.5166666666666666,55,21
31312,1.4666666666666666,55,21
31313,1.5,55,21
31314,1.4666666666666666,55,21
31315,1.4666666666666666,55,21
31316,1.5,55,21
31317,1.5,55,21
31318,1.5,55,21
31319,1.5,55,21
31320,1.3833333333333333,55,12
31321,1.5333333333333334,55,21
31322,1.8,55,21
31323,1.5,55,21
31324,1.4833333333333334,55,21
31325,1.55,55,21
31326,1.5,55,21
31327,1.5333333333333334,55,21
31328,1.4666666666666666,55,21
31329,1.5,55,21
31330,1.5,55,21
31331,1.5166666666666666,55,21
31332,1.4666666666666666,55,21
31333,1.5,55,21
31334,1.5,55,21
31335,1.5666666666666667,55,21
31336,1.5166666666666666,55,21
31337,1.4,55,13
31338,1.5,55,21
31339,1.55,55,21
31411,1.0,40,9
31412,1.0833333333333333,40,15
31413,1.0666666666666667,40,15
31414,1.0833333333333333,40,15
31415,1.05,40,15
31416,1.1,40,15
31417,1.0333333333333334,40,15
31418,1.1333333333333333,40,15
31420,1.05,40,15
31421,1.05,40,15
31422,1.05,40,15
31423,1.05,40,15
31424,1.0833333333333333,40,15
31425,1.0833333333333333,40,15
31426,1.0833333333333333,40,15
31427,1.0833333333333333,40,15
31428,1.0666666666666667,40,15
31429,1.0833333333333333,40,15
31430,1.0833333333333333,40,15
31431,1.0833333333333333,40,15
31432,1.0333333333333334,40,15
31433,1.1,40,15
31434,1.0833333333333333,40,15
31435,1.0833333333333333,40,15
31436,1.05,40,15
31437,1.0833333333333333,40,15
31438,1.0666666666666667,40,15
31439,1.0666666666666667,40,15
31440,1.0166666666666666,40,15
31441,1.05,40,15
31442,1.0833333333333333,40,15
31443,1.05,40,15
31444,1.0833333333333333,40,15
31445,1.0833333333333333,40,15
31446,1.05,40,15
31447,1.0833333333333333,40,15
31448,1.0666666666666667,40,15
31449,1.0500000000000007,40,15
31450,1.0833333333333321,40,15
31451,1.0500000000000007,40,15
31471,0.95,35,15
31511,2.3333333333333335,96,29
31512,2.3,96,28
31513,2.25,96,28
31514,2.316666666666667,96,29
31515,2.283333333333333,96,29
31516,2.25,96,29
31517,2.3,96,29
31518,2.2,96,25
31519,2.3,96,27
31520,2.25,96,28
31521,2.3833333333333333,96,29
31522,2.283333333333333,96,29
31523,2.3333333333333335,96,27
31524,2.2,96,28
31525,2.3,96,28
31526,2.3333333333333335,96,29
31527,2.3333333333333335,96,29
31528,2.216666666666667,96,27
31529,2.35,96,29
31530,2.25,96,29
31531,2.1333333333333333,96,23
31532,2.25,96,29
31533,2.3333333333333335,96,27
31534,2.283333333333333,96,24
31535,2.3333333333333335,96,27
31536,2.216666666666667,96,26
31537,2.3,96,28
31538,2.3333333333333335,96,28
31539,2.25,96,28
31540,2.3333333333333335,96,27
31541,2.25,96,28
31542,2.216666666666665,96,27
31571,1.0833333333333333,35,6
31584,0.6333333333333333,15,2
31585,0.6333333333333333,15,2
31586,0.6166666666666667,15,2
31601,1.8,76,24
31602,1.6833333333333333,76,24
31611,1.8333333333333333,76,23
31612,1.75,76,24
31613,1.8,76,24
31614,1.75,76,24
31615,1.8333333333333333,76,24
31616,1.8333333333333333,76,24
31617,1.8,76,24
31618,1.6666666666666667,76,11
31619,1.6333333333333333,76,12
31620,1.7166666666666666,76,20
31621,1.8666666666666667,76,24
31622,1.7666666666666666,76,24
31623,1.8,76,23
31624,1.7666666666666666,76,24
31625,1.7833333333333334,76,16
31626,1.5333333333333334,76,10
31627,1.8333333333333333,76,24
31628,1.75,76,21
31629,1.8,76,24
31630,1.8,76,23
31631,1.8000000000000007,76,24
31632,1.8333333333333333,76,24
31633,1.8000000000000007,76,24
31634,1.7833333333333334,76,24
31636,1.8,76,23
31711,0.7,35,10
31712,0.7,35,9
31713,0.6666666666666666,35,6
31714,0.6666666666666666,35,6
31721,0.48333333333333334,26,6
31722,0.5666666666666667,26,6
31723,0.55,26,6
31724,0.5166666666666667,26,5
31725,0.5,26,7
31726,0.55,26,7
31741,0.8333333333333334,43,13
31742,0.8333333333333334,43,13
31743,0.7833333333333333,43,10
31744,0.8333333333333334,43,13
31745,0.8333333333333334,43,13
31746,0.8833333333333333,43,13
31747,0.8333333333333334,43,13
31748,0.8833333333333333,43,13
31749,0.9,43,13
31750,0.8333333333333334,43,13
31751,0.8333333333333334,43,13
31752,0.8333333333333334,43,13
31753,0.8333333333333334,43,13
31754,0.8333333333333334,43,13
31755,0.8333333333333334,43,13
31756,0.8333333333333334,43,13
31757,0.8333333333333334,43,13
31758,0.8166666666666667,43,13
31765,3.25,154,25
31766,3.3333333333333335,153,25
31767,3.25,154,29
31768,3.5,153,27
31770,3.6666666666666665,153,29
31771,3.25,154,28
31772,3.55,153,29
31781,0.45,20,6
31782,0.45,19,6
31783,0.45,20,5
31784,0.48333333333333334,19,5
31786,0.4666666666666667,19,5
31801,2.4,102,29
31802,2.3,102,29
31811,2.466666666666667,102,29
31812,2.4166666666666665,102,29
31813,2.3666666666666667,102,30
31814,2.2,102,22
31815,2.4,102,29
31816,2.3333333333333335,102,29
31817,2.45,102,30
31818,2.3,102,25
31819,2.25,102,21
31820,2.3333333333333335,102,29
31821,2.3833333333333333,102,29
31822,2.3333333333333335,102,29
31823,2.35,102,28
31824,2.3,102,28
31825,2.3333333333333335,102,30
31826,2.1666666666666665,102,20
31827,2.4166666666666665,102,30
31828,2.283333333333333,102,29
31829,2.3333333333333335,102,23
31830,2.3,102,26
31831,2.216666666666667,102,16
31832,2.433333333333333,102,28
31833,2.283333333333333,102,22
31834,2.316666666666667,102,26
31835,2.3666666666666667,102,29
31836,2.4166666666666665,102,29
31837,2.3666666666666667,102,28
31838,2.383333333333333,102,30
31839,2.2,102,19
31840,2.5,102,16
31841,2.1166666666666667,102,9
31842,2.25,102,9
31843,2.1666666666666665,102,10
31844,1.9666666666666666,102,10
31861,2.7,128,23
31862,3.0,127,24
31863,2.6666666666666665,128,21
31864,2.75,127,20
31865,2.5,128,20
31866,2.7,127,21
31911,2.7,119,36
31912,2.5833333333333335,119,36
31913,2.8,119,36
31914,2.533333333333333,119,36
31915,2.683333333333333,119,36
31916,2.6666666666666665,119,30
31917,2.9166666666666665,119,36
31918,2.6333333333333333,119,36
31919,2.683333333333333,119,36
31920,2.566666666666667,119,35
31921,2.716666666666667,119,36
31922,2.9166666666666665,119,36
31923,2.7333333333333334,119,36
31924,2.6166666666666667,119,35
31925,2.6166666666666667,119,35
31926,2.683333333333333,119,36
31927,2.716666666666667,119,36
31928,2.616666666666667,119,31
31929,2.6833333333333336,119,36
32211,0.7166666666666667,28,9
32212,0.75,28,9
32213,0.7833333333333333,28,9
32214,0.7166666666666667,28,9
32215,0.7166666666666667,28,9
32216,0.7166666666666667,28,9
32217,0.7833333333333333,28,9
32218,0.7333333333333333,28,9
32219,0.7166666666666667,28,9
32220,0.7833333333333333,28,9
32221,0.7166666666666667,28,9
32222,0.7333333333333333,28,9
32223,0.7333333333333333,28,9
32224,0.75,28,9
32225,0.7166666666666667,28,9
32226,0.75,28,9
32227,0.7,28,9
32228,0.7833333333333333,28,9
32229,0.7833333333333333,28,9
32230,0.75,28,9
32231,0.75,28,9
32232,0.7333333333333333,28,9
32233,0.75,28,9
32234,0.9166666666666666,28,9
32235,0.7,28,9
32236,0.7166666666666667,28,9
32237,0.7333333333333333,28,9
32238,0.7,28,9
32239,0.6666666666666666,28,9
32240,0.75,28,9
32241,0.75,28,9
32242,0.75,28,9
32243,0.7166666666666667,28,9
32244,0.75,28,9
32245,0.75,28,9
32246,0.7166666666666667,28,9
32247,0.7166666666666667,28,9
32248,0.8,28,9
32249,0.75,28,9
32250,0.8,28,9
32252,0.716666666666665,28,9
32411,1.0,39,13
32412,1.1166666666666667,39,13
32413,1.1666666666666667,39,13
32414,1.0,39,13
33061,2.2,66,26
33212,0.2833333333333333,9,3
33231,0.4166666666666667,15,7
33232,0.4166666666666667,15,7
33262,0.4666666666666667,15,9
33271,1.3333333333333333,50,18
33282,1.8333333333333333,67,27
33291,0.4666666666666667,18,7
33311,1.5,52,19
33312,1.3666666666666667,52,19
33313,1.4166666666666667,52,19
33314,1.3,52,19
33315,1.3333333333333333,52,19
33316,1.4,52,19
33317,1.4166666666666667,52,19
33318,1.2666666666666666,52,19
33319,1.3666666666666667,52,19
33320,1.3333333333333333,52,19
33321,1.3833333333333333,52,19
33323,1.3166666666666667,52,19
33325,1.4166666666666667,52,19
33351,0.55,22,7
33357,0.21666666666666667,7,3
33361,1.1666666666666667,54,14
33362,1.0833333333333333,54,12
33363,1.0833333333333333,54,12
33364,1.2333333333333334,54,12
33365,1.0833333333333333,54,12
33366,1.1666666666666667,54,12
33367,1.1333333333333333,54,13
33382,0.8,35,10
33401,0.75,24,11
33402,0.75,25,11
33411,0.35,12,4
33412,0.36666666666666664,12,4
33421,0.6666666666666666,20,9
33422,0.7166666666666667,20,9
33431,0.7833333333333333,24,11
33432,0.8166666666666667,25,11
33433,0.7666666666666667,24,11
33434,0.7833333333333333,25,11
33435,0.8333333333333334,24,11
33436,0.7833333333333333,25,11
33437,0.8,24,11
33438,0.75,25,11
33439,0.7666666666666667,24,11
33440,0.75,25,11
33441,0.7333333333333333,24,11
33443,0.7666666666666667,24,11
33445,0.7333333333333333,24,11
33447,0.75,24,11
33511,2.1666666666666665,77,29
33512,2.45,77,29
33513,2.1,77,29
33514,2.1166666666666667,77,29
33515,2.25,77,29
33516,2.15,77,25
33517,2.1666666666666665,77,29
33518,2.1666666666666665,77,26
33519,2.2,77,29
33520,2.216666666666667,77,29
33521,2.05,77,29
33522,2.1333333333333333,77,29
33523,2.0833333333333335,77,29
33524,2.0833333333333335,77,24
33525,2.35,77,29
33526,2.05,77,29
33527,2.2666666666666666,77,25
33528,2.0833333333333335,77,24
33529,2.0833333333333335,77,25
33530,2.3,77,29
33531,2.0833333333333335,77,25
33532,2.25,77,29
33533,2.1833333333333336,77,29
33534,2.0833333333333335,77,25
33536,2.283333333333333,77,29
33538,2.15,77,24
33611,1.0333333333333334,32,13
33612,0.9666666666666667,32,13
33613,1.0,32,13
33614,1.0,32,13
33615,1.0,32,13
33616,1.0,32,13
33617,1.0,32,13
33618,1.0,32,13
33619,1.0166666666666666,32,13
33620,1.0333333333333334,32,13
33621,0.9833333333333333,32,13
33622,0.9166666666666666,32,11
33623,1.0333333333333334,32,13
33624,0.95,32,13
33626,1.0,32,13
33628,1.0,32,13
33630,0.9666666666666667,32,13
33651,1.3,47,17
33652,1.3333333333333333,47,17
33653,1.3333333333333333,47,17
33654,1.3333333333333333,47,17
33655,1.2833333333333334,47,17
33656,1.2666666666666666,47,17
33657,1.3,47,17
33658,1.3333333333333333,47,17
33659,1.3,47,17
33660,1.2833333333333334,47,17
33664,1.25,47,17
33666,1.3666666666666667,47,17
33681,1.6166666666666667,59,20
33682,1.55,60,20
33685,1.5666666666666667,59,20
33686,1.5666666666666667,60,20
33687,1.5833333333333333,59,20
33688,1.6666666666666667,60,20
33711,0.7166666666666667,32,8
33712,0.7666666666666667,32,8
33713,0.7666666666666667,32,9
33714,0.75,32,9
33715,0.8,32,8
33716,0.75,32,8
33717,0.6833333333333333,32,8
33718,0.7666666666666667,32,9
33719,0.6833333333333333,32,8
33720,0.75,32,8
33721,0.7333333333333333,32,9
33722,0.6666666666666666,32,8
33723,0.75,32,8
33724,0.75,32,8
33725,0.75,32,8
33726,0.7,32,9
33727,0.75,32,8
33728,0.7166666666666667,32,8
33729,0.7666666666666667,32,9
33730,0.7,32,9
33731,0.75,32,8
33732,0.7,32,8
33733,0.7,32,9
33734,0.6833333333333333,32,8
33735,0.7666666666666667,32,9
33736,0.7166666666666667,32,9
33737,0.75,32,8
33738,0.7166666666666667,32,8
33739,0.7666666666666667,32,9
33751,1.15,52,12
33752,1.2,52,12
33801,1.9333333333333333,79,24
33802,2.0,79,24
33811,1.7833333333333334,79,17
33812,2.1166666666666667,79,23
33813,1.8833333333333333,79,23
33814,1.8666666666666667,79,21
33815,1.9166666666666667,79,24
33816,1.8333333333333333,79,22
33817,1.8166666666666667,79,21
33818,1.9333333333333333,79,24
33819,2.0,79,23
33820,1.8333333333333333,79,22
33821,1.9166666666666667,79,24
33822,1.9666666666666666,79,24
33823,1.9166666666666667,79,24
33824,1.95,79,24
33825,1.9166666666666667,79,23
33826,1.9666666666666666,79,24
33827,1.95,79,24
33828,2.0,79,24
33829,1.8833333333333333,79,24
33830,2.033333333333333,79,24
33831,1.8833333333333333,79,24
33832,2.466666666666667,79,23
33833,1.9166666666666667,79,23
33834,1.9666666666666666,79,24
33835,1.9166666666666667,79,24
33836,1.8833333333333333,79,23
33837,1.9166666666666667,79,24
33838,1.8833333333333333,79,24
33839,1.8833333333333333,79,24
33840,1.9666666666666666,79,24
33841,1.9166666666666667,79,24
33842,1.9166666666666667,79,24
33843,2.0,79,24
33844,2.0,79,23
33845,1.9,79,24
33846,1.95,79,24
33847,1.9166666666666667,79,23
33848,1.9333333333333333,79,23
33849,2.0,79,24
33850,1.95,79,24
33851,1.9166666666666667,79,24
33852,2.0,79,23
33853,1.8833333333333333,79,24
33854,1.9166666666666667,79,22
33855,1.9166666666666667,79,23
33856,1.9166666666666667,79,17
33857,1.8833333333333329,79,23
33858,1.8333333333333321,79,23
33859,1.8666666666666671,79,22
33860,1.95,79,24
33861,1.9166666666666679,79,23
33863,2.0,79,24
33895,1.5,65,15
33896,1.5833333333333333,65,15
34052,2.0,67,26
34054,2.066666666666667,67,26
34056,2.55,82,32
34062,3.45,120,41
34111,0.8333333333333334,30,11
34112,0.8333333333333334,30,11
34113,0.95,30,11
34114,0.9,30,11
34115,0.9166666666666666,30,11
34116,0.8833333333333333,30,11
34117,0.95,30,11
34118,0.8833333333333333,30,11
34119,0.9166666666666666,30,11
34120,0.9166666666666666,30,11
34121,0.8833333333333333,30,11
34122,0.8,30,11
34123,0.9166666666666666,30,11
34124,0.85,30,11
34125,0.8666666666666667,30,11
34126,0.8833333333333333,30,11
34127,0.9166666666666666,30,11
34128,0.9166666666666666,30,11
34129,0.95,30,11
34130,0.9,30,11
34131,1.0666666666666667,30,11
34132,0.9166666666666666,30,11
34133,0.9,30,11
34134,0.8833333333333333,30,11
34135,0.9166666666666666,30,11
34136,0.8833333333333333,30,11
34137,0.8333333333333334,30,11
34138,0.8666666666666667,30,11
34139,0.8666666666666667,30,11
34140,0.9166666666666666,30,11
34141,0.9,30,11
34142,0.8666666666666667,30,11
34143,0.8833333333333333,30,11
34144,0.85,30,11
34145,0.8166666666666667,30,11
34146,0.9,30,11
34147,0.8333333333333334,30,11
34148,0.8666666666666667,30,11
34149,0.85,30,11
34150,0.9333333333333333,30,11
34151,0.9166666666666666,30,11
34152,0.9166666666666666,30,11
34153,0.9,30,11
34154,0.9166666666666666,30,11
34155,0.8666666666666667,30,11
34156,0.9166666666666666,30,11
34157,0.9,30,11
34158,0.8666666666666667,30,11
34159,0.9166666666666666,30,11
34160,0.9166666666666666,30,11
34161,0.8,30,11
34162,0.8833333333333333,30,11
34163,0.8666666666666667,30,11
34164,0.8833333333333333,30,11
34165,0.8000000000000007,30,11
34166,0.8,30,11
34311,0.25,8,4
34312,0.25,8,4
34313,0.25,8,4
34331,0.8666666666666667,36,13
34332,0.9166666666666666,36,13
34334,0.9166666666666666,36,13
34351,0.7666666666666667,29,10
34352,0.7,28,10
34353,0.7166666666666667,29,9
34354,0.7,29,9
34355,0.6166666666666667,29,7
34356,0.6833333333333333,29,9
34358,0.6666666666666666,29,9
34360,0.7,28,10
34411,0.5333333333333333,16,8
34412,0.4666666666666667,16,8
34413,0.5666666666666667,16,8
34414,0.5333333333333333,16,8
34415,0.55,16,8
34416,0.5333333333333333,16,8
34417,0.5333333333333333,16,8
34418,0.5166666666666667,16,8
34419,0.55,16,8
34420,0.5333333333333333,16,8
34421,0.5333333333333333,16,8
34422,0.5333333333333333,16,8
34423,0.5333333333333333,16,8
34424,0.5333333333333333,16,8
34425,0.55,16,8
34426,0.48333333333333334,16,8
34427,0.5833333333333334,16,8
34428,0.5166666666666667,16,8
34429,0.55,16,8
34430,0.55,16,8
34431,0.55,16,8
34432,0.48333333333333334,16,8
34434,0.5,16,8
34436,0.5,16,9
34501,1.25,45,17
34502,1.25,45,17
34511,1.3333333333333333,45,17
34512,1.2,45,16
34513,1.25,45,17
34514,1.2333333333333334,45,17
34515,1.3,45,17
34516,1.2333333333333334,45,16
34517,1.2833333333333334,45,17
34518,1.2666666666666666,45,17
34519,1.3333333333333333,45,17
34520,1.25,45,17
34521,1.2333333333333334,45,17
34522,1.2666666666666666,45,17
34523,1.25,45,17
34524,1.25,45,17
34525,1.2333333333333334,45,17
34526,1.25,45,17
34527,1.25,45,17
34528,1.25,45,17
34529,1.25,45,17
34530,1.2166666666666666,45,17
34531,1.3,45,17
34532,1.2666666666666666,45,17
34533,1.5,45,17
34534,1.2833333333333334,45,17
34535,1.2833333333333334,45,17
34536,1.25,45,17
34537,1.2,45,16
34538,1.25,45,17
34539,1.2833333333333334,45,17
34540,1.25,45,17
34541,1.2666666666666666,45,17
34542,1.2333333333333334,45,17
34543,1.2833333333333334,45,17
34544,1.2333333333333334,45,16
34545,1.2833333333333334,45,17
34546,1.25,45,17
34547,1.2833333333333334,45,17
34548,1.2333333333333334,45,17
34549,1.2333333333333334,45,17
34550,1.35,45,17
34551,1.25,45,16
34552,1.2333333333333334,45,17
34553,1.25,45,17
34554,1.1999999999999993,45,17
34555,1.25,45,15
34557,1.2666666666666666,45,17
34601,0.75,24,11
34602,0.7,24,11
34611,0.7833333333333333,24,11
34612,0.7,24,11
34613,0.7833333333333333,24,11
34614,0.7,24,11
34615,0.7833333333333333,24,11
34616,0.75,24,11
34617,0.7833333333333333,24,11
34618,0.7,24,11
34619,0.7666666666666667,24,11
34620,0.7333333333333333,24,11
34621,0.75,24,11
34622,0.75,24,11
34623,0.7666666666666667,24,11
34624,0.75,24,11
34625,0.8,24,11
34626,0.7,24,10
34627,0.7833333333333333,24,11
34628,0.7333333333333333,24,11
34629,0.7833333333333333,24,11
34630,0.75,24,11
34631,0.7833333333333333,24,11
34632,0.7333333333333333,24,11
34633,0.7833333333333333,24,11
34634,0.75,24,11
34635,0.7833333333333333,24,11
34636,0.75,24,11
34637,0.7833333333333333,24,11
34638,0.7333333333333333,24,11
34639,0.7833333333333333,24,11
34640,0.7333333333333333,24,11
34641,0.7666666666666667,24,11
34642,0.75,24,11
34643,0.8,24,11
34644,0.7333333333333333,24,11
34645,0.75,24,11
34646,0.75,24,11
34647,0.7833333333333333,24,11
34648,0.75,24,11
34711,1.8333333333333333,61,19
34712,1.6,61,19
34713,1.75,61,21
34714,1.6666666666666667,61,20
34715,1.7166666666666666,61,23
34716,1.6666666666666667,61,21
34717,1.6,61,21
34718,1.6333333333333333,61,21
34719,1.65,61,22
34720,1.7,61,23
34721,1.6666666666666667,61,23
34722,1.7,61,23
34723,1.7,61,23
34724,1.7,61,23
34725,1.7,61,22
34726,1.6666666666666667,61,23
34727,1.7,61,23
34728,1.6666666666666667,61,21
34729,1.6166666666666667,61,23
34730,1.6666666666666667,61,23
34731,1.75,61,23
34732,1.6666666666666667,61,23
34733,1.8333333333333333,61,22
34734,1.7,61,23
34735,1.6666666666666667,61,21
34736,1.7333333333333334,61,23
34737,1.65,61,23
34738,1.7,61,23
34739,1.6333333333333333,61,21
34740,1.7,61,23
34741,1.6833333333333333,61,23
34742,1.7166666666666666,61,23
34743,1.75,61,23
34744,1.65,61,23
34745,1.65,61,23
34746,1.6666666666666667,61,23
34747,1.65,61,21
34748,1.6666666666666667,61,21
34749,1.65,61,23
34750,1.6666666666666667,61,21
34751,1.7166666666666666,61,21
34752,1.6666666666666679,61,21
34753,1.6666666666666667,61,21
34754,1.6333333333333329,61,21
34755,1.75,61,21
34757,1.6999999999999993,61,21
34782,2.433333333333333,94,29
34791,2.7,108,23
34792,2.7,108,30
34793,2.75,108,30
34794,2.75,108,21
34811,1.75,59,19
34812,1.4333333333333333,59,15
34813,1.5833333333333333,59,24
34814,1.5833333333333333,59,24
34815,1.5666666666666667,59,22
34816,1.5833333333333333,59,22
34817,1.6333333333333333,59,24
34818,1.6666666666666667,59,24
34819,1.7333333333333334,59,24
34820,1.6666666666666667,59,24
34821,1.6333333333333333,59,24
34822,1.5833333333333333,59,17
34823,1.7166666666666666,59,24
34824,1.6666666666666667,59,24
34825,1.6666666666666667,59,24
34826,1.6333333333333333,59,24
34827,1.6166666666666667,59,24
34828,1.6333333333333333,59,24
34829,1.5166666666666666,59,17
34830,1.65,59,24
34831,1.6166666666666667,59,24
34832,1.6333333333333333,59,22
34833,1.6333333333333333,59,22
34834,1.6666666666666667,59,24
34835,1.7166666666666666,59,24
34836,1.65,59,24
34837,1.6333333333333333,59,24
34838,1.6666666666666667,59,24
34839,2.0,59,24
34840,1.6666666666666667,59,24
34841,1.6666666666666667,59,24
34842,1.6166666666666667,59,24
34843,1.6333333333333333,59,24
34844,1.6333333333333333,59,24
34845,1.6666666666666667,59,24
34846,1.6333333333333333,59,24
34847,1.6333333333333333,59,24
34848,1.5833333333333333,59,24
34849,1.6333333333333333,59,22
34850,1.6333333333333333,59,22
34851,1.6166666666666667,59,23
34852,1.6666666666666667,59,24
34853,1.6666666666666667,59,24
34854,1.6166666666666667,59,24
34855,1.65,59,22
34856,1.5833333333333321,59,23
34857,1.5833333333333333,59,21
34858,1.5,59,20
34859,1.6333333333333333,59,24
34860,1.6666666666666667,59,24
34881,1.0833333333333333,43,17
34882,1.0833333333333333,43,17
34891,0.8666666666666667,34,14
34892,0.8833333333333333,34,14
34898,1.0833333333333333,39,16
34899,1.1666666666666667,39,16
34911,1.0833333333333333,46,8
34912,0.95,46,8
34913,1.0,46,8
34914,1.0833333333333333,46,8
34915,1.0833333333333333,46,8
34916,1.0333333333333334,46,8
34917,0.9333333333333333,46,8
34918,0.9833333333333333,46,8
34919,0.9666666666666667,46,8
34920,0.9666666666666667,46,8
34921,1.0333333333333334,46,8
34922,0.9666666666666667,46,8
34923,1.0,46,8
34924,1.0,46,8
34925,1.0,46,8
34926,1.0333333333333334,46,8
34927,0.9666666666666667,46,8
34928,1.0333333333333334,46,8
34929,1.0333333333333334,46,8
34930,0.9833333333333333,46,8
34931,1.0333333333333334,46,8
34932,1.0166666666666666,46,8
34933,1.0166666666666666,46,8
34934,1.0,46,8
34981,0.7666666666666657,33,7
35011,0.5833333333333334,26,9
35012,0.5833333333333334,26,9
35013,0.5833333333333334,26,9
35014,0.5833333333333334,26,9
35015,0.5833333333333334,26,9
35016,0.5833333333333334,26,9
35017,1.1666666666666667,46,15
35018,1.1666666666666667,46,15
35019,0.5833333333333334,26,9
35020,0.5833333333333334,26,9
35021,0.5833333333333334,26,9
35022,0.5833333333333334,26,9
36011,0.6666666666666666,26,9
36012,0.6833333333333333,26,9
36031,0.9833333333333333,40,14
36032,1.1333333333333333,40,14
36033,0.9666666666666667,40,14
36034,1.0833333333333333,40,14
36035,1.0333333333333334,40,14
36036,1.0,40,14
36037,0.9833333333333333,40,14
36038,1.0333333333333334,40,14
36071,1.4166666666666667,58,18
36072,1.4166666666666667,58,18
36081,1.9333333333333333,72,22
36082,1.65,72,24
36083,1.75,72,24
36084,1.8,72,24
36085,1.75,72,24
36086,1.6666666666666667,72,24
36087,1.7833333333333334,72,24
36088,1.6,72,22
36811,2.0833333333333335,94,29
36812,2.5,94,25
36813,2.0833333333333335,94,27
36814,2.25,94,29
36815,2.1333333333333333,94,30
36816,2.1333333333333333,94,28
36817,2.1333333333333333,94,28
36818,2.0833333333333335,94,27
36819,2.25,94,29
36820,2.0833333333333335,94,29
36821,2.3333333333333335,94,29
36822,2.15,94,29
36823,2.0833333333333335,94,29
36824,2.05,94,28
36825,2.2666666666666666,94,26
36826,2.033333333333333,94,29
36827,2.1666666666666665,94,29
36828,2.0833333333333335,94,29
36829,2.216666666666667,94,29
36830,1.5,94,2
36831,2.0833333333333335,94,30
36832,2.033333333333333,94,29
36833,2.0833333333333335,94,29
36834,2.0833333333333335,94,28
36835,1.4666666666666666,94,8
36836,2.0833333333333335,94,29
36837,2.1166666666666667,94,29
36838,2.5,94,29
36839,2.1666666666666665,94,29
36840,2.25,94,29
36841,2.1666666666666665,94,29
36842,2.0,94,28
36843,2.2333333333333334,94,28
36844,2.0833333333333335,94,30
36845,2.216666666666667,94,28
36846,2.0833333333333335,94,30
36847,2.2333333333333334,94,29
36848,2.0833333333333335,94,29
36849,2.2,94,29
36850,2.033333333333333,94,29
36851,2.3500000000000014,94,26
36852,2.3333333333333335,94,29
36853,2.166666666666668,94,30
36854,2.0833333333333335,94,29
36855,2.166666666666668,94,29
36856,2.0833333333333335,94,29
36858,2.033333333333333,94,29
36860,2.0500000000000007,94,30
37011,0.5166666666666667,19,9
37012,0.5833333333333334,19,9
37013,0.55,19,9
37014,0.6,19,9
37017,0.5333333333333333,19,9
37018,0.6333333333333333,19,9
37019,0.5333333333333333,19,9
37020,0.5833333333333334,19,9
37021,0.5666666666666667,19,9
37022,0.6,19,9
37041,0.6333333333333333,22,10
37042,0.6666666666666666,22,10
37043,0.6333333333333333,22,10
37044,0.65,22,10
37045,0.6666666666666666,22,10
37046,0.6666666666666666,22,10
37047,0.6333333333333333,22,10
37048,0.6833333333333333,22,10
37049,0.6166666666666667,22,10
37050,0.6333333333333333,22,10
37053,0.6166666666666667,22,10
37054,0.7,22,10
37055,0.5833333333333334,22,10
37056,0.8333333333333334,22,10
37057,0.6333333333333333,22,10
37058,0.7166666666666667,22,10
37060,0.7333333333333333,22,10
37061,0.6166666666666667,22,10
37062,0.7,22,10
37063,0.7,22,10
37064,0.7,22,10
37065,0.6333333333333333,22,10
37066,0.7166666666666667,22,10
37067,0.6333333333333333,22,10
37068,0.6666666666666666,22,10
37111,0.4166666666666667,6,2
37112,0.4166666666666667,6,3
37113,0.4166666666666667,6,2
37114,0.45,6,3
37115,0.36666666666666664,6,2
37116,0.4166666666666667,6,3
37117,0.4166666666666667,6,2
37118,0.4166666666666667,6,3
37119,0.43333333333333335,6,2
37120,0.4166666666666667,6,3
37121,0.5,6,2
37122,0.4166666666666667,6,3
37201,1.0,39,17
37202,1.05,39,17
37211,0.9666666666666667,39,17
37212,1.0166666666666666,39,17
37213,0.9833333333333333,39,17
37214,1.0,39,17
37215,1.0166666666666666,39,17
37216,1.0833333333333333,39,17
37217,1.0,39,17
37218,1.0333333333333334,39,17
37219,1.0833333333333333,39,17
37220,1.0833333333333333,39,17
37221,1.0,39,17
37222,1.0833333333333333,39,17
37223,1.0,39,17
37224,1.0666666666666667,39,17
37225,1.0,39,17
37226,1.05,39,17
37227,1.0,39,17
37228,1.0,39,17
37229,1.0,39,17
37230,1.0333333333333334,39,17
37231,1.0,39,17
37232,1.05,39,17
37233,0.9666666666666667,39,17
37234,1.0166666666666666,39,17
37235,0.9833333333333333,39,17
37236,1.0333333333333334,39,17
37237,1.0,39,17
37238,1.0333333333333334,39,17
37239,1.05,39,17
37240,1.0833333333333333,39,17
37241,1.0,39,17
37242,1.05,39,17
37243,1.0,39,17
37244,1.0833333333333333,39,17
37245,1.0,39,17
37246,1.2833333333333334,39,17
37247,0.9666666666666667,39,17
37248,1.0833333333333333,39,17
37249,0.9833333333333333,39,17
37250,1.0,39,17
37251,0.95,39,17
37252,1.0666666666666667,39,17
37253,1.0,39,17
37254,1.1166666666666667,39,17
37255,1.0833333333333333,39,17
37256,1.0,39,17
37257,1.0,39,17
37258,1.05,39,17
37259,1.0666666666666667,39,17
37260,1.05,39,17
37261,1.0,39,17
37262,1.0333333333333334,39,17
37263,1.0166666666666666,39,17
37264,1.0333333333333334,39,17
37265,0.9833333333333333,39,17
37266,1.0,39,17
37267,1.0,39,17
37268,1.0,39,17
37269,1.0,39,17
37270,1.0833333333333333,39,17
37271,0.9666666666666667,39,17
37272,1.0333333333333334,39,17
37273,1.0,39,17
37274,1.0833333333333333,39,17
37275,1.0,39,17
37276,1.1,39,17
37277,0.9833333333333333,39,17
37278,1.05,39,17
37279,1.0,39,17
37280,1.0333333333333334,39,17
37281,1.0,39,17
37282,1.0,39,17
37283,1.0,39,17
37284,1.0833333333333333,39,17
37285,1.0,39,17
37286,1.0333333333333334,39,17
37287,0.9666666666666667,39,17
37288,1.05,39,17
37289,1.0833333333333321,39,17
37290,1.0,39,17
37291,1.0,39,17
37303,0.9666666666666667,33,13
37304,0.95,33,13
37305,1.0333333333333334,33,13
37306,1.0833333333333333,33,13
37307,1.1666666666666667,44,17
37308,1.3,44,17
37311,1.5,57,21
37312,1.5,57,21
37313,1.55,57,21
37314,1.5,57,21
37315,1.5,57,21
37316,1.5,57,21
37317,1.45,57,21
37318,1.5833333333333333,57,21
37319,1.4666666666666666,57,21
37320,1.5833333333333333,57,20
37321,1.5,57,21
37322,1.4833333333333334,57,18
37323,1.4833333333333334,57,21
37324,1.5,57,21
37325,1.5,57,21
37326,1.55,57,21
37327,1.4166666666666667,57,21
37328,1.5333333333333334,57,21
37329,1.5,57,21
37330,1.5833333333333333,57,21
37331,1.5833333333333333,57,21
37332,1.5333333333333334,57,21
37333,1.5,57,21
37334,1.5833333333333333,57,21
37335,1.55,57,21
37336,1.5333333333333334,57,21
37337,1.5,57,21
37338,1.5,57,21
37339,1.55,57,21
37340,1.4166666666666667,57,21
37341,1.5,57,21
37342,1.5833333333333333,57,21
37343,1.5,57,21
37344,1.5833333333333333,57,21
37345,1.4166666666666667,57,21
37346,1.4666666666666666,57,21
37347,1.45,57,21
37348,1.5333333333333334,57,21
37349,1.4833333333333334,57,21
37350,1.6666666666666667,57,21
37351,1.5,57,21
37352,1.5,57,21
37354,1.5,57,21
37361,2.5,81,23
37362,2.25,81,23
37363,2.0833333333333335,81,23
37364,2.3333333333333335,81,23
37365,2.4166666666666665,81,23
37366,2.2,81,23
37367,2.0833333333333335,81,23
37368,2.1166666666666667,81,23
37371,2.3333333333333335,81,23
37372,2.283333333333333,81,22
37373,2.316666666666667,81,23
37374,2.0833333333333335,81,23
37375,2.15,81,23
37376,2.1333333333333333,81,23
37378,2.3,81,23
37379,2.283333333333333,81,23
37385,0.6666666666666666,24,3
37386,0.6666666666666666,24,3
37387,0.6,24,5
37388,0.6666666666666666,24,5
37389,0.5666666666666667,24,3
37390,0.5833333333333334,24,3
37391,0.6666666666666666,24,5
37392,0.6333333333333333,24,3
37394,0.6666666666666666,24,5
37411,0.8333333333333334,34,12
37412,0.8333333333333334,34,12
37413,0.8,34,12
37414,0.8,34,12
37511,0.7833333333333333,30,14
37512,0.75,30,14
37521,0.3333333333333333,8,4
37522,0.3333333333333333,8,4
37523,0.31666666666666665,8,4
37524,0.3,8,4
37525,0.3333333333333333,8,4
37526,0.31666666666666665,8,4
37527,0.31666666666666665,8,4
37528,0.35,8,4
37529,0.31666666666666665,8,4
37530,0.3333333333333333,8,4
37531,0.3333333333333333,8,4
37532,0.3333333333333333,8,4
37533,0.3333333333333333,8,4
37534,0.3333333333333333,8,4
37535,0.3333333333333333,8,4
37536,0.3333333333333333,8,4
37537,0.3333333333333333,8,4
37538,0.36666666666666664,8,4
37539,0.3333333333333333,8,4
37540,0.31666666666666665,8,4
37541,0.3333333333333333,8,4
37542,0.3333333333333333,8,4
37543,0.3333333333333333,8,4
37544,0.31666666666666665,8,4
37545,0.31666666666666665,8,4
37546,0.3333333333333333,8,4
37547,0.3333333333333333,8,4
37548,0.36666666666666664,8,4
37549,0.3,8,4
37550,0.3333333333333333,8,4
37551,0.3333333333333333,8,4
37552,0.36666666666666664,8,4
37553,0.3,8,4
37554,0.36666666666666664,8,4
37555,0.3333333333333333,8,4
37556,0.3333333333333333,8,4
37557,0.36666666666666714,8,4
37558,0.31666666666666665,8,4
37611,1.4666666666666666,60,20
37612,1.3333333333333333,60,15
37614,1.6333333333333333,60,20
37651,1.75,81,18
37652,2.0833333333333335,81,18
37653,1.85,81,28
37654,1.9166666666666667,81,28
37655,1.8666666666666667,81,28
37656,1.95,81,28
37657,1.7833333333333334,81,28
37658,1.9166666666666667,81,28
37711,0.4166666666666667,21,6
37731,0.75,42,12
37732,0.8333333333333334,42,12
37741,2.5,104,27
37742,2.1666666666666665,104,25
37743,2.1666666666666665,104,24
37744,2.25,104,28
37745,2.1666666666666665,104,26
37746,2.5,104,27
37747,2.25,104,27
37748,2.25,104,28
37750,2.0833333333333335,104,28
37751,2.5,104,28
37752,2.25,104,28
37753,2.25,104,28
37754,2.1666666666666665,104,25
37756,2.25,104,28
37757,2.166666666666668,104,24
37758,2.1166666666666667,104,25
37781,1.2833333333333334,67,18
37782,1.25,67,18
37783,1.2833333333333334,67,18
37784,1.3333333333333333,67,18
37785,1.3333333333333333,67,18
37786,1.25,67,18
37811,2.3333333333333335,106,34
37812,2.3666666666666667,106,32
37813,2.3333333333333335,106,34
37814,2.5,106,34
37815,2.1666666666666665,106,27
37816,2.3833333333333333,106,34
37817,2.45,106,34
37818,2.433333333333333,106,34
37819,2.45,106,34
37820,2.283333333333333,106,34
37821,2.316666666666667,106,34
37822,1.9166666666666667,106,3
37823,2.4166666666666665,106,34
37824,2.283333333333333,106,28
37825,2.4166666666666665,106,34
37826,2.2,106,22
37827,2.4166666666666665,106,34
37828,2.2666666666666666,106,27
37829,2.3333333333333335,106,34
37830,2.316666666666667,106,27
37831,2.3,106,30
37832,2.5833333333333335,106,34
37833,2.4166666666666665,106,33
37834,2.466666666666667,106,34
37835,2.4166666666666665,106,21
37836,2.35,106,34
37837,2.3333333333333335,106,27
37838,2.4166666666666665,106,34
37839,2.25,106,29
37840,2.3333333333333335,106,34
37841,2.1,106,22
37842,2.533333333333333,106,34
37843,1.9166666666666667,106,3
37844,2.3833333333333333,106,22
37845,2.3333333333333335,106,30
37846,2.4166666666666665,106,33
37847,2.25,106,27
37848,2.3333333333333335,106,34
37849,2.0,106,11
37850,2.3,106,34
37851,2.3,106,34
37852,2.3333333333333335,106,34
37853,2.45,106,30
37854,2.533333333333333,106,34
37855,2.3833333333333333,106,34
37857,2.333333333333332,106,34
37911,3.2,143,44
37912,3.25,144,41
37913,3.1666666666666665,143,44
37914,3.05,144,29
37915,3.25,144,30
37916,3.0833333333333335,144,31
37917,3.25,143,44
37918,3.3333333333333335,144,44
37919,3.1666666666666665,144,33
37920,3.1666666666666665,144,30
37921,3.216666666666667,143,39
37922,3.75,144,44
37923,3.0833333333333335,144,31
37924,3.3833333333333333,144,30
37925,3.0833333333333335,144,29
37926,3.3,144,44
37927,3.25,143,41
37928,3.3666666666666667,144,40
38031,0.25,5,3
38032,0.21666666666666667,5,3
38033,0.25,5,3
38034,0.25,5,3
38036,0.3333333333333333,5,3
38051,3.6666666666666665,140,38
38052,3.25,139,26
38053,3.1666666666666665,136,21
38054,1.5833333333333333,68,14
38055,1.6666666666666667,68,14
38056,3.2,137,20
38057,3.6333333333333333,140,34
38058,3.5,139,26
38101,0.6666666666666666,24,9
38102,0.75,24,9
38103,1.0166666666666666,32,13
38104,1.0166666666666666,32,13
38105,1.1333333333333333,32,14
38106,1.05,32,13
38107,0.7,24,9
38108,1.2666666666666666,32,13
38202,1.2,45,16
38204,1.2833333333333334,45,16
38206,0.9166666666666666,37,12
38301,1.25,50,17
38302,1.5,58,20
38303,1.6166666666666667,58,21
38304,1.5,58,20
38305,1.6666666666666667,56,18
38306,1.5,58,20
38307,1.5333333333333334,58,20
38308,1.5,58,20
38310,1.45,55,18
38312,1.5833333333333333,58,20
38314,1.6333333333333333,58,20
38316,1.3333333333333333,50,16
38318,1.55,58,20
38321,1.75,58,20
38401,1.8,71,25
38402,1.7833333333333334,70,24
38403,1.8,71,25
38404,1.8,70,24
38405,1.7833333333333334,71,25
38406,1.8166666666666667,70,24
38407,1.5,63,21
38408,1.8,70,24
38409,2.0,71,25
38410,1.7833333333333334,70,24
38411,1.9833333333333334,71,24
38412,1.7833333333333334,70,24
38413,1.8333333333333333,71,25
38414,1.9166666666666667,70,24
38416,1.75,70,24
38419,2.0,71,25
38421,1.8833333333333333,71,24
38423,1.7833333333333334,71,24
38425,1.8333333333333333,71,24
38427,1.75,71,23
38431,1.8333333333333333,71,24
38433,1.8333333333333333,71,23
38437,1.8,71,24
38447,1.8333333333333333,71,24
38449,1.8333333333333333,71,24
38451,2.0,71,24
38452,1.95,70,24
38453,1.8333333333333321,71,24
38454,1.8666666666666667,70,24
38455,1.8333333333333321,71,24
38456,1.8833333333333333,70,24
38501,2.283333333333333,90,29
38502,2.4166666666666665,91,29
38601,1.5833333333333333,54,20
38602,1.55,54,19
38701,2.1666666666666665,115,17
38702,2.5833333333333335,115,33
38703,2.5833333333333335,115,34
38704,2.7,115,33
38705,2.55,115,33
38706,2.5833333333333335,115,32
38707,2.8333333333333335,115,34
38708,2.5833333333333335,115,33
38709,2.5,107,29
38710,2.5833333333333335,115,33
38711,2.8833333333333333,115,32
38713,2.75,115,33
38719,2.8666666666666667,115,33
38726,3.033333333333333,115,33
38728,3.033333333333333,115,31
38730,2.75,115,27
38801,2.9166666666666665,128,30
38802,3.1166666666666667,128,36
38803,3.0833333333333335,128,36
38804,3.1333333333333333,128,34
38805,3.25,128,37
38806,2.8333333333333335,128,14
38807,3.3333333333333335,128,37
38808,3.0,128,26
38809,3.4166666666666665,128,37
38810,3.25,128,36
38811,3.1666666666666665,128,37
38812,3.3666666666666667,128,36
38813,3.1333333333333333,128,36
38814,3.45,128,36
38815,3.25,128,34
38816,3.55,128,33
38817,3.25,128,33
38818,3.3,128,36
38819,3.55,128,35
38820,3.3666666666666667,128,36
38821,2.75,128,19
38822,3.3,128,33
38823,3.0,128,24
38824,3.4166666666666665,128,29
38825,2.75,129,13
38826,3.533333333333333,128,36
38827,2.9166666666666665,128,24
38828,3.283333333333333,128,36
38829,2.95,128,26
38830,3.216666666666665,128,36
38831,3.25,128,34
38832,0.5,12,4
38902,1.25,44,17
38905,1.6666666666666667,51,21
38908,1.5833333333333333,49,21
38909,1.6666666666666667,51,21
38923,1.6,51,21
38924,1.55,49,21
40001,0.9166666666666666,29,18
40002,0.9166666666666666,29,18
40003,0.9166666666666666,29,18
40004,0.9166666666666666,29,18
40005,0.9166666666666666,29,6
40006,0.9166666666666666,29,18
40007,0.9166666666666666,29,18
40008,0.9166666666666666,29,18
40009,0.9166666666666666,29,18
40010,0.9166666666666666,29,18
40011,0.9166666666666666,29,18
40012,0.9166666666666666,29,18
40013,0.9166666666666666,29,18
40014,0.9166666666666666,29,18
40015,0.9166666666666666,29,18
40016,0.9166666666666666,29,18
40017,0.9166666666666666,29,18
40018,0.9166666666666666,29,18
40019,0.6666666666666666,23,15
40020,0.9166666666666666,29,18
40021,0.43333333333333335,17,3
40022,0.9166666666666666,29,18
40023,0.9166666666666666,29,18
40025,0.9166666666666666,29,18
40026,0.9166666666666666,29,18
40027,0.9166666666666666,29,18
40028,0.9166666666666666,29,18
40029,0.9166666666666666,29,18
40030,0.9166666666666666,29,18
40031,0.9166666666666666,29,18
40032,0.9166666666666666,29,18
40033,0.9166666666666666,29,18
40034,0.9166666666666666,29,18
40035,0.9166666666666666,29,18
40036,0.9166666666666666,29,18
40037,0.9166666666666666,29,18
40038,0.9166666666666666,29,18
40039,0.9166666666666666,29,18
40040,0.9166666666666666,29,18
40041,0.9166666666666666,29,18
40042,0.5833333333333334,17,2
40043,0.9166666666666666,29,18
40044,0.7333333333333333,23,2
40045,0.9166666666666666,29,18
40046,0.9166666666666666,29,18
40047,0.9166666666666666,29,18
40048,0.9166666666666666,29,18
40049,0.9166666666666666,29,18
40050,0.9166666666666666,29,18
40051,0.9166666666666666,29,18
40052,0.9166666666666666,29,2
40053,0.9166666666666666,29,18
40054,0.9166666666666666,29,18
40055,0.9166666666666666,29,18
40056,0.9166666666666666,29,18
40057,0.9166666666666666,29,18
40058,0.9166666666666666,29,18
40059,0.9166666666666666,29,18
40060,0.9166666666666666,29,18
40061,0.9166666666666666,29,18
40062,0.9166666666666666,29,18
40063,0.9166666666666666,29,18
40064,0.9166666666666666,29,18
40065,0.9166666666666666,29,18
40066,0.9166666666666666,29,18
40067,0.9166666666666666,29,18
40068,0.9166666666666666,29,18
40069,0.9166666666666666,29,18
40070,0.9166666666666666,29,18
40071,0.9166666666666666,29,18
40072,0.9166666666666666,29,18
40073,0.9166666666666666,29,18
40074,0.9166666666666666,29,2
40075,0.9166666666666666,29,18
40076,0.9166666666666666,29,2
40077,0.9166666666666666,29,18
40078,0.9166666666666666,29,2
40079,0.9166666666666666,29,18
40080,0.9166666666666666,29,2
40081,0.9166666666666666,29,18
40082,0.9166666666666666,29,2
40083,0.9166666666666666,29,18
40084,0.9166666666666666,29,2
40085,0.9166666666666666,29,18
40086,0.9166666666666666,29,2
40087,0.9166666666666666,29,18
40088,0.9166666666666666,29,2
40089,0.9166666666666666,29,18
40090,0.9166666666666666,29,2
40091,0.9166666666666666,29,18
40092,0.9166666666666666,29,2
40093,0.9166666666666666,29,18
40094,0.9166666666666666,29,2
40095,0.9166666666666666,29,18
40096,0.9166666666666666,29,2
40097,0.9166666666666666,29,18
40098,0.9166666666666666,29,2
40099,0.9166666666666666,29,18
40100,0.9166666666666666,29,2
40101,0.9166666666666666,29,18
40102,0.9166666666666666,29,2
40103,0.9166666666666666,29,18
40104,0.9166666666666666,29,2
40105,0.9166666666666666,29,18
40106,0.9166666666666666,29,2
40107,0.9166666666666666,29,18
40108,0.9166666666666666,29,2
40109,0.9166666666666666,29,18
40110,0.9166666666666666,29,2
40111,0.9166666666666666,29,18
40112,0.9166666666666666,29,2
40113,0.9166666666666666,29,18
40114,0.9166666666666666,29,2
40115,0.9166666666666666,29,18
40116,0.9166666666666666,29,2
40117,0.9166666666666666,29,18
40118,0.9166666666666666,29,2
40119,0.9166666666666666,29,18
40120,0.9166666666666666,29,2
40121,0.9166666666666666,29,18
40122,0.9166666666666666,29,2
40123,0.9166666666666666,29,18
40124,0.9166666666666666,29,2
40125,0.9166666666666666,29,18
40126,0.9166666666666666,29,2
40127,0.9166666666666666,29,18
40128,0.9166666666666666,29,2
40129,0.9166666666666666,29,18
40130,0.9166666666666666,29,2
40131,0.9166666666666666,29,18
40132,0.9166666666666666,29,2
40133,0.9166666666666666,29,18
40134,0.9166666666666666,29,2
40135,0.9166666666666666,29,18
40136,0.9166666666666666,29,2
40137,0.9166666666666666,29,18
40138,0.9166666666666666,29,6
40139,0.9166666666666666,29,18
40140,0.9166666666666666,29,6
40141,0.9166666666666666,29,18
40142,0.9166666666666666,29,6
40143,0.9166666666666666,29,18
40144,0.9166666666666666,29,2
40145,0.9166666666666666,29,18
40146,0.9166666666666666,29,2
40147,0.9166666666666666,29,18
40148,0.9166666666666666,29,2
40150,0.9166666666666666,29,2
40151,0.9166666666666666,29,18
40152,0.9166666666666666,29,6
40153,0.9166666666666679,29,18
40154,0.9166666666666666,29,2
40155,0.9166666666666679,29,18
40156,0.9166666666666666,29,2
40157,0.9166666666666679,29,18
40158,0.9166666666666679,29,2
40301,0.9166666666666666,29,18
40302,0.9166666666666666,29,2
40303,0.9166666666666666,29,18
40304,0.9166666666666666,29,2
40305,0.9166666666666666,29,18
40306,0.9166666666666666,29,2
40307,0.9166666666666666,29,18
40308,0.9166666666666666,29,2
40309,0.9166666666666666,29,18
40310,0.9166666666666666,29,2
40311,0.9166666666666666,29,18
40312,0.9166666666666666,29,6
40313,0.9166666666666666,29,18
40314,0.9166666666666666,29,2
40315,0.9166666666666666,29,18
40316,0.9166666666666666,29,2
40317,0.9166666666666666,29,18
40318,0.9166666666666666,29,2
40319,0.9166666666666666,29,18
40320,0.9166666666666666,29,2
40321,0.9166666666666666,29,18
40322,0.9166666666666666,29,2
40323,0.9166666666666666,29,18
40324,0.9166666666666666,29,6
40325,0.9166666666666666,29,18
40326,0.9166666666666666,29,2
40327,0.9166666666666666,29,18
40328,0.9166666666666666,29,2
40329,0.9166666666666666,29,18
40330,0.9166666666666666,29,2
40331,0.9166666666666666,29,18
40332,0.9166666666666666,29,2
40333,0.9166666666666666,29,18
40334,0.9166666666666666,29,2
40335,0.9166666666666666,29,18
40336,0.9166666666666666,29,2
40337,0.9166666666666666,29,18
40338,0.9166666666666666,29,2
40339,0.9166666666666666,29,18
40340,0.9166666666666666,29,2
40341,0.9166666666666666,29,18
40342,0.9166666666666666,29,2
40343,0.9166666666666666,29,18
40344,0.9166666666666666,29,6
40345,0.9166666666666666,29,18
40346,0.9166666666666666,29,2
40347,0.9166666666666666,29,18
40348,0.9166666666666666,29,2
40349,0.9166666666666666,29,18
40350,0.9166666666666666,29,2
40351,0.9166666666666666,29,18
40352,0.9166666666666666,29,2
40353,0.9166666666666666,29,18
40354,0.9166666666666666,29,2
40355,0.9166666666666666,29,18
40356,0.9166666666666666,29,2
40357,0.9166666666666666,29,18
40358,0.9166666666666666,29,2
40359,0.9166666666666666,29,18
40360,0.9166666666666666,29,2
40361,0.9166666666666666,29,18
40362,0.9166666666666666,29,2
40363,0.9166666666666666,29,18
40364,0.9166666666666666,29,2
40365,0.9166666666666666,29,18
40366,0.9166666666666666,29,2
40367,0.9166666666666666,29,18
40368,0.9166666666666666,29,2
40369,0.9166666666666666,29,18
40370,0.9166666666666666,29,2
40371,0.9166666666666666,29,18
40372,0.9166666666666666,29,6
40373,0.9166666666666666,29,18
40374,0.9166666666666666,29,2
40375,0.9166666666666666,29,18
40376,0.9166666666666666,29,2
40377,0.9166666666666666,29,18
40378,0.9166666666666666,29,2
40379,0.9166666666666666,29,18
40380,0.9166666666666666,29,2
40381,0.9166666666666666,29,18
40382,0.9166666666666666,29,2
40383,0.9166666666666666,29,18
40384,0.9166666666666666,29,2
40385,0.9166666666666666,29,18
40386,0.9166666666666666,29,2
40387,0.9166666666666666,29,18
40388,0.9166666666666666,29,2
40389,0.9166666666666666,29,18
40390,0.9166666666666666,29,2
40391,0.9166666666666666,29,18
40392,0.9166666666666666,29,2
40393,0.9166666666666666,29,18
40394,0.9166666666666666,29,2
40395,0.9166666666666666,29,18
40396,0.9166666666666666,29,2
40397,0.9166666666666666,29,18
40398,0.9166666666666666,29,2
40399,0.9166666666666666,29,18
40400,0.9166666666666666,29,2
40401,0.9166666666666666,29,18
40402,0.9166666666666666,29,2
40403,0.9166666666666666,29,18
40404,0.9166666666666666,29,2
40405,0.9166666666666666,29,18
40406,0.9166666666666666,29,2
40407,0.9166666666666666,29,18
40408,0.9166666666666666,29,2
40409,0.9166666666666666,29,18
40410,0.9166666666666666,29,2
40411,0.9166666666666666,29,18
40412,0.9166666666666666,29,2
40413,0.9166666666666666,29,18
40414,0.9166666666666666,29,2
40415,0.9166666666666666,29,18
40416,0.9166666666666666,29,2
40417,0.9166666666666666,29,18
40418,0.9166666666666666,29,6
40419,0.9166666666666679,29,18
40420,0.9166666666666666,29,2
40421,0.9166666666666679,29,18
40422,0.9166666666666679,29,2
40501,1.6666666666666667,59,2
40502,1.9166666666666667,59,2
40503,1.75,59,2
40504,1.8333333333333333,59,6
40505,1.75,59,2
40506,1.75,59,3
40507,1.75,59,2
40508,1.9166666666666667,59,3
40509,1.6666666666666667,59,3
40510,1.8333333333333333,59,2
40511,1.6666666666666667,59,2
40512,1.7833333333333334,59,3
40513,1.75,59,2
40514,1.5333333333333334,59,3
40515,1.6666666666666667,59,2
40516,1.5333333333333334,59,2
40517,1.6666666666666667,59,2
40518,1.5,59,3
40519,1.7,59,3
40520,1.7,59,2
40522,1.5,59,2
40523,1.7333333333333334,59,2
40524,1.6666666666666667,59,3
40525,1.7833333333333334,59,3
40526,1.5,59,3
40527,1.7666666666666666,59,2
40528,1.8333333333333333,59,2
40529,1.7166666666666666,59,3
40531,1.6666666666666667,59,3
40532,1.8,59,11
40533,1.6666666666666667,59,3
40534,1.6666666666666667,59,7
40535,1.85,59,2
40536,1.6666666666666667,59,2
40538,1.7,59,2
40539,1.7166666666666666,59,3
40540,1.6666666666666667,59,2
40541,1.7833333333333334,59,2
40542,1.75,59,2
40543,1.7166666666666666,59,3
40544,1.6666666666666667,59,2
40545,1.75,59,3
40547,1.6666666666666667,59,3
40548,1.7,59,2
40549,1.8833333333333333,59,3
40550,1.75,59,3
40551,1.9166666666666667,59,11
40552,1.6833333333333333,59,2
40553,1.8333333333333333,59,7
40554,1.6666666666666667,59,2
40555,1.7833333333333334,59,3
40556,1.75,59,3
40557,1.7166666666666666,59,2
40558,1.8333333333333333,59,9
40559,1.6166666666666667,59,3
40560,1.7666666666666666,59,11
40561,1.8333333333333333,59,3
40562,1.6666666666666667,59,3
40563,1.9666666666666666,59,2
40564,1.8666666666666667,59,2
40565,1.7333333333333334,59,3
40566,1.6666666666666667,59,2
40567,1.8,59,3
40568,1.9166666666666667,59,10
40569,1.6666666666666667,59,7
40570,1.8333333333333333,59,3
40571,1.6666666666666667,59,3
40572,1.75,59,2
40573,2.0,59,3
40574,1.6666666666666679,59,3
40601,1.6666666666666667,59,11
40602,1.9166666666666667,59,3
40603,1.75,59,11
40604,1.8333333333333333,59,11
40605,1.75,59,11
40606,1.75,59,11
40607,1.75,59,2
40608,1.9166666666666667,59,3
40609,1.6666666666666667,59,3
40610,1.8333333333333333,59,11
40612,2.0,59,9
40613,1.75,59,2
40614,1.9166666666666667,59,2
40615,1.6666666666666667,59,11
40616,1.9166666666666667,59,2
40617,1.8666666666666667,59,2
40618,1.6666666666666667,59,11
40619,1.6666666666666667,59,2
40621,1.8333333333333333,59,2
40622,1.6666666666666667,59,2
40623,1.75,59,2
40624,1.6666666666666667,59,2
40625,1.75,59,3
40626,1.75,59,2
40627,1.6666666666666667,59,2
40628,1.75,59,11
40629,1.6666666666666667,59,2
40630,1.75,59,11
40631,1.75,59,11
40632,1.6666666666666667,59,2
40633,1.75,59,2
40634,1.6666666666666667,59,2
40635,1.75,59,2
40636,1.8333333333333333,59,4
40637,1.75,59,10
40638,1.6666666666666667,59,2
40639,1.6666666666666667,59,2
40640,1.6666666666666667,59,11
40641,1.75,59,2
40642,1.75,59,2
40643,1.9166666666666667,59,11
40644,1.8333333333333333,59,3
40645,1.8333333333333333,59,11
40646,1.75,59,2
40647,1.75,59,11
40648,1.5833333333333333,59,2
40649,1.8333333333333333,59,3
40650,1.8333333333333333,59,3
40651,1.75,59,2
40652,1.75,59,2
40653,1.6666666666666667,59,2
40654,1.6666666666666667,59,2
40655,1.8333333333333333,59,11
40656,1.8333333333333333,59,3
40657,1.6666666666666667,59,2
40658,1.75,59,2
40659,1.8,59,2
40660,1.9166666666666667,59,11
40661,1.75,59,2
40662,1.75,59,3
40663,1.6666666666666667,59,2
40664,1.6666666666666667,59,2
40665,1.9166666666666679,59,11
40666,1.6666666666666679,59,2
40701,3.0,108,3
40702,2.95,108,4
40704,2.4166666666666665,108,4
40705,3.0,108,15
40706,2.466666666666667,108,10
40707,2.45,108,8
40708,2.8666666666666667,108,8
40709,3.1,108,5
40711,2.75,108,7
40712,3.066666666666667,108,12
40751,3.0,108,4
40752,2.9166666666666665,108,6
40754,2.8333333333333335,108,5
40755,3.0833333333333335,108,15
40756,2.5833333333333335,108,8
40757,2.6666666666666665,108,14
40758,2.8333333333333335,108,4
40759,3.0833333333333335,108,3
40761,2.75,108,2
40762,2.966666666666667,108,4
40801,2.5833333333333335,95,3
40802,2.683333333333333,95,6
40803,2.5833333333333335,95,6
40804,2.75,95,14
40901,1.5,48,10
40902,1.0,48,10
41001,0.75,14,3
41003,0.75,14,3
41006,0.75,14,3
41008,0.75,14,3
41009,0.75,14,3
41012,0.75,14,3
41013,0.75,14,3
41014,0.75,14,3
41015,0.75,14,3
41016,0.75,14,3
41017,0.75,14,3
41020,0.75,14,3
41021,0.75,14,3
41022,0.75,14,3
41023,0.75,14,3
41024,0.75,14,3
41028,0.75,14,3
41029,0.75,14,3
41033,0.75,14,3
41035,0.75,14,3
41036,0.75,14,3
41038,0.75,14,3
41040,0.75,14,3
41042,0.75,14,3
41043,0.75,14,3
41046,0.75,14,3
41048,0.75,14,3
41050,0.75,14,3
41051,0.75,14,3
41055,0.75,14,3
41056,0.75,14,3
41057,0.75,14,3
41060,0.75,14,3
41061,0.75,14,3
41063,0.75,14,3
41064,0.75,14,3
41065,0.75,14,3
41069,0.75,14,3
41070,0.75,14,3
41073,0.75,14,3
41076,0.75,14,3
41077,0.75,14,3
41078,0.75,14,3
41079,0.75,14,3
41080,0.75,14,3
41081,0.75,14,3
41082,0.75,14,3
41084,0.75,14,3
41085,0.75,14,3
41086,0.75,14,2
41089,0.75,14,3
41091,0.75,14,3
41092,0.75,14,3
41093,0.8333333333333334,14,3
41095,0.75,14,3
41096,0.75,14,3
41097,0.75,14,3
41102,0.75,14,3
41103,0.75,14,3
41104,0.75,14,3
41105,0.75,14,3
41108,0.75,14,3
41110,0.75,14,3
41111,0.75,14,3
41113,0.75,14,3
41116,0.75,14,3
41117,0.75,14,3
41119,0.75,14,3
41120,0.75,14,3
41122,0.75,14,3
41127,0.75,14,3
41128,0.75,14,3
41129,0.75,14,3
41130,0.75,14,3
41131,0.75,14,3
41132,0.75,14,3
41134,0.75,14,3
41135,0.75,14,3
41138,0.75,14,3
41140,0.75,14,3
41501,0.75,14,3
41502,0.75,14,3
41503,0.75,14,3
41504,0.75,14,3
41505,0.75,14,3
41506,0.75,14,3
41507,0.75,14,3
41508,0.75,14,3
41509,0.75,14,3
41510,0.75,14,3
41511,0.75,14,2
41512,0.75,14,3
41513,0.75,14,3
41514,0.75,14,3
41515,0.75,14,3
41516,0.75,14,3
41517,0.75,14,3
41518,0.75,14,3
41519,0.75,14,3
41520,0.75,14,3
41521,0.75,14,3
41522,0.75,14,3
41523,0.75,14,3
41524,0.75,14,3
41525,0.75,14,3
41526,0.75,14,3
41527,0.75,14,3
41528,0.75,14,3
41529,0.75,14,3
41530,0.75,14,3
41531,0.75,14,2
41532,0.75,14,3
41533,0.75,14,3
41534,0.75,14,3
41535,0.75,14,3
41536,0.75,14,3
41537,0.75,14,3
41538,0.75,14,3
41539,0.75,14,3
41540,0.75,14,3
41541,0.75,14,3
41542,0.75,14,3
41543,0.75,14,3
41544,0.75,14,3
41545,0.75,14,3
41546,0.75,14,3
41547,0.75,14,3
41548,0.75,14,3
41549,0.75,14,3
41550,0.75,14,3
41551,0.75,14,3
41552,0.75,14,3
41553,0.75,14,3
41554,0.75,14,3
41555,0.75,14,3
41556,0.75,14,3
41557,0.75,14,3
41558,0.75,14,3
41559,0.75,14,3
41560,0.75,14,3
41561,0.75,14,3
41562,0.75,14,3
41563,0.75,14,3
41564,0.75,14,3
41565,0.75,14,3
41566,0.75,14,3
41567,0.75,14,3
41568,0.75,14,3
41569,0.75,14,3
41570,0.75,14,3
41571,0.75,14,3
41572,0.75,14,3
41573,0.75,14,3
41574,0.75,14,3
41575,0.75,14,3
41576,0.75,14,3
41577,0.75,14,3
41578,0.75,14,3
41579,0.75,14,3
41580,0.75,14,3
41581,0.75,14,3
41582,0.75,14,3
41583,0.75,14,3
41584,0.75,14,3
41585,0.75,14,3
41586,0.75,14,3
41587,0.75,14,3
41588,0.75,14,3
41589,0.75,14,3
41590,0.75,14,3
41593,0.75,14,3
41594,0.75,14,3
41597,0.75,14,3
41598,0.75,14,3
41599,0.75,14,3
41600,0.75,14,3
42001,1.3333333333333333,47,16
42002,1.4166666666666667,47,15
42003,1.75,47,16
42004,1.5,47,16
42005,1.5,47,16
42006,1.6666666666666667,47,16
42007,1.3333333333333333,47,12
42008,1.5,47,16
42009,1.3333333333333333,47,16
42010,1.5,47,16
42011,1.5,47,16
42012,1.6666666666666667,47,15
42013,1.6666666666666667,47,16
42014,1.6666666666666667,47,16
42015,1.4166666666666667,47,16
42016,1.5833333333333333,47,16
42017,1.5833333333333333,47,16
42018,1.5,47,16
42019,1.5,47,16
42020,1.5,47,16
42021,1.4166666666666667,47,16
42022,1.5,47,16
42023,1.5,47,16
42024,1.5,47,12
42025,1.5833333333333333,47,16
42026,1.5,47,12
42027,1.4166666666666667,47,16
42028,1.5833333333333333,47,16
42029,1.4166666666666667,47,16
42030,1.5,47,12
42031,1.6666666666666667,47,16
42032,1.5,47,16
42033,1.4166666666666667,47,16
42034,1.4166666666666667,47,16
42035,1.4166666666666667,47,16
42036,1.4166666666666667,47,16
42037,1.4166666666666667,47,16
42038,1.4166666666666667,47,16
42039,1.4166666666666667,47,16
42040,1.4166666666666667,47,16
42041,1.5,47,16
42042,1.5,47,16
42043,1.4166666666666679,47,16
42044,1.4166666666666667,47,16
42045,1.5833333333333321,47,16
42046,1.5833333333333333,47,16
42301,1.25,34,14
42302,1.25,34,14
42401,2.0833333333333335,82,21
42402,2.25,82,21
42403,2.1666666666666665,82,21
42404,2.1666666666666665,82,16
42406,2.1666666666666665,82,21
42407,2.3333333333333335,82,21
42408,2.0833333333333335,82,21
42409,2.3333333333333335,82,21
42411,2.25,82,21
42412,2.25,82,21
42413,2.25,82,21
42414,2.5,82,21
42416,2.25,82,21
42417,2.25,82,21
42419,2.25,82,21
42420,2.0833333333333335,82,21
42421,2.25,82,20
42422,2.25,82,21
42423,2.1666666666666665,82,21
42451,0.8333333333333334,35,2
42452,0.75,35,6
42601,1.5833333333333333,47,17
42602,1.4166666666666667,47,17
42603,1.5833333333333333,47,17
42604,1.5,47,17
42605,1.5833333333333333,47,17
42606,1.4166666666666667,47,17
42607,1.5,47,17
42608,1.5833333333333333,47,17
42651,2.4166666666666665,62,15
42652,2.4166666666666665,62,15
42653,2.4166666666666665,62,15
42654,2.25,62,15
42655,2.3333333333333335,62,15
42656,2.4166666666666665,62,15
42657,2.3333333333333335,62,15
42701,1.1666666666666667,35,11
42702,1.0833333333333333,34,15
42751,1.9166666666666667,50,13
42752,1.9166666666666667,49,13
42801,2.3333333333333335,82,22
42802,2.3333333333333335,82,22
42804,2.1666666666666665,82,22
42851,3.1666666666666665,97,19
42852,3.1666666666666665,97,19
42854,3.1666666666666665,97,19
42901,0.75,16,8
43001,0.8333333333333334,20,11
43002,0.8333333333333334,21,11
43003,0.75,20,11
43005,0.75,20,11
43006,0.75,21,11
43007,0.75,20,11
43008,0.8333333333333334,21,11
43009,0.75,20,11
43011,0.8333333333333334,20,11
43013,0.8333333333333334,20,11
43014,1.0,21,11
43015,0.8333333333333334,20,11
43016,0.75,21,11
43017,0.75,20,11
43018,0.75,21,11
43019,0.6666666666666666,20,11
43020,0.8333333333333334,21,11
43021,0.8333333333333334,20,7
43022,0.8333333333333334,21,11
43023,0.8333333333333321,20,11
43025,0.8333333333333334,20,7
43029,0.8333333333333321,20,7
43101,1.0833333333333333,30,14
43102,1.25,31,14
43103,1.3333333333333333,30,14
43104,1.25,31,14
43105,1.1666666666666667,30,14
43106,1.1666666666666667,31,14
43107,1.1666666666666667,30,14
43108,1.25,31,14
43109,1.1666666666666667,30,14
43110,1.0833333333333333,31,14
43111,1.1666666666666667,30,14
43112,1.1666666666666667,31,14
43113,1.1666666666666667,30,14
43114,1.25,31,14
43115,1.1666666666666667,30,14
43116,1.1666666666666667,31,14
43117,1.1666666666666667,30,14
43118,1.1666666666666667,31,14
43119,1.1666666666666667,30,14
43120,1.1666666666666667,31,14
43121,1.1666666666666667,30,14
43122,1.0833333333333333,31,14
43123,1.1666666666666667,25,9
43124,1.1666666666666667,31,14
43125,1.1666666666666667,25,8
43126,1.1666666666666667,31,14
43127,1.1666666666666667,25,8
43128,0.9833333333333333,31,14
43130,1.1666666666666667,31,14
43132,1.0833333333333333,31,14
43201,1.3333333333333333,46,18
43202,1.25,46,19
43203,1.3333333333333333,46,19
43204,1.3333333333333333,46,19
43205,1.25,46,19
43206,1.3333333333333333,46,19
43207,1.25,46,19
43208,1.3333333333333333,46,19
43209,1.25,46,19
43210,1.25,46,19
43211,1.25,46,19
43212,1.3333333333333333,46,19
43213,1.25,46,19
43214,1.3333333333333333,46,19
43215,1.3333333333333333,46,19
43216,1.0833333333333333,41,6
43217,1.3333333333333333,46,19
43218,1.3333333333333333,46,19
43219,1.3333333333333333,46,19
43220,1.3333333333333333,46,19
43221,1.3333333333333333,46,19
43222,0.9166666666666666,41,6
43223,1.3333333333333333,46,19
43224,1.3333333333333333,46,19
43225,1.3333333333333333,46,19
43226,1.3333333333333333,46,19
43227,1.3333333333333333,41,18
43228,1.3333333333333333,46,19
43229,1.3333333333333333,46,19
43230,1.4166666666666667,46,19
43231,1.3333333333333333,46,19
43232,1.3333333333333333,46,19
43233,1.3333333333333333,46,19
43234,1.3333333333333333,46,19
43235,1.3333333333333333,46,19
43236,1.3333333333333333,46,19
43237,1.25,46,19
43238,1.3333333333333333,46,19
43239,1.3333333333333333,46,19
43240,1.25,46,18
43241,1.3333333333333333,46,19
43242,1.3333333333333333,46,19
43243,1.3333333333333333,46,19
43244,1.3333333333333333,46,19
43245,1.3333333333333333,46,19
43246,1.3333333333333333,46,19
43247,1.3333333333333333,41,10
43248,1.3333333333333333,46,19
43250,1.3333333333333333,46,19
43251,1.3333333333333333,41,9
43252,1.4166666666666667,46,19
43253,1.3333333333333333,41,9
43254,1.3333333333333333,46,19
43255,1.3333333333333321,41,9
43256,1.3333333333333333,46,19
43257,1.3333333333333321,41,11
43258,1.3333333333333333,46,19
43260,1.3333333333333333,46,19
43401,1.4166666666666667,68,11
43402,2.0,73,27
43403,2.0,73,27
43404,2.0,73,27
43405,2.0,73,27
43406,1.8333333333333333,73,27
43407,1.9166666666666667,73,27
43408,1.75,68,7
43409,2.0,73,27
43410,1.8333333333333333,68,10
43411,2.0,73,27
43412,2.0,73,27
43413,2.0833333333333335,73,27
43414,2.0,73,27
43415,2.0833333333333335,73,27
43418,1.8333333333333333,73,27
43419,2.0,73,27
43420,2.0,73,27
43421,2.0,73,27
43422,2.0,73,27
43423,1.9166666666666667,68,14
43424,2.0,68,14
43425,2.0,73,27
43426,2.0,68,12
43427,2.0,73,27
43428,2.0,73,27
43429,2.0833333333333335,68,12
43430,2.0,73,27
43431,1.5,68,10
43433,2.0833333333333335,68,12
43434,2.0,73,24
43435,1.25,68,10
43436,2.0,73,27
43437,2.0,68,12
43438,2.0,73,27
43439,2.083333333333332,68,14
43501,2.25,86,28
43502,2.3333333333333335,86,29
43503,2.25,86,29
43504,2.3333333333333335,86,29
43505,2.3333333333333335,86,28
43506,2.3333333333333335,86,28
43507,2.3333333333333335,86,28
43508,2.1666666666666665,86,28
43509,2.3333333333333335,86,29
43510,2.25,86,28
43511,2.4166666666666665,86,29
43512,2.25,86,28
43513,2.5,86,28
43514,2.3333333333333335,86,28
43515,2.5,86,29
43516,2.3333333333333335,86,28
43517,2.3333333333333335,80,13
43518,2.3333333333333335,81,14
43520,2.2333333333333334,81,15
43551,0.3333333333333333,12,2
43552,0.3333333333333333,12,2
43553,0.3333333333333333,12,3
43554,0.4166666666666667,12,2
43556,0.3333333333333333,12,2
43601,1.0,22,12
43602,0.9166666666666666,22,12
43603,0.8333333333333334,22,12
43604,0.8333333333333334,22,12
43605,0.8333333333333334,22,12
43606,0.8333333333333334,22,12
43607,0.9166666666666666,22,12
43608,0.8333333333333334,22,12
43610,0.8333333333333334,22,12
43611,0.8333333333333334,22,2
43612,0.9166666666666666,22,12
43613,0.9166666666666666,22,8
43614,0.8333333333333334,22,12
43615,0.8333333333333321,22,8
43616,0.9166666666666666,22,12
43618,0.8333333333333334,22,12
43620,0.8333333333333334,22,12
43622,0.8333333333333334,22,12
43650,0.8333333333333334,22,8
43651,1.75,36,10
43652,1.75,37,10
43653,1.6666666666666667,36,10
43654,1.8333333333333333,37,10
43655,1.75,36,10
43656,1.6666666666666667,37,10
43657,1.8333333333333333,36,10
43658,1.5833333333333333,37,10
43659,1.75,36,10
43660,1.6666666666666667,37,10
43661,1.8333333333333333,36,10
43662,1.75,37,10
43663,1.6666666666666679,36,10
43664,1.75,37,10
43666,1.6666666666666667,37,10
43668,1.8333333333333333,37,10
43670,1.6666666666666667,37,10
43672,1.5833333333333333,37,10
43674,1.6666666666666667,37,10
43701,1.4166666666666667,48,20
43702,1.4166666666666667,48,20
43703,1.4166666666666667,48,20
43704,1.4166666666666667,48,20
43705,1.4166666666666667,48,20
43706,1.4166666666666667,48,20
43707,1.4166666666666667,48,20
43708,1.3333333333333333,48,20
43709,1.3333333333333333,48,20
43710,1.4166666666666667,48,20
43711,1.4166666666666667,48,20
43713,1.4166666666666667,42,10
43715,1.3333333333333333,48,20
43751,1.1666666666666667,32,15
43752,1.2,32,15
43753,1.1666666666666667,32,15
43754,1.3333333333333333,32,15
43755,1.1666666666666667,32,15
43757,1.0833333333333333,32,15
43761,2.25,57,14
43762,2.0833333333333335,57,14
43763,2.1666666666666665,57,14
43764,2.1666666666666665,57,14
43765,2.25,57,14
43766,2.25,57,14
43767,2.25,57,14
43768,2.4166666666666665,57,14
43769,2.25,57,14
43770,2.3333333333333335,57,14
43771,2.25,57,14
43773,2.25,57,14
43791,2.0,46,13
43792,2.0833333333333335,47,17
43793,2.0,46,13
43794,2.5,42,12
43795,2.0833333333333335,46,13
43797,2.0,46,13
43801,2.1666666666666665,74,28
43802,2.0833333333333335,75,28
43803,2.1666666666666665,74,28
43804,1.5833333333333333,70,9
43805,2.1666666666666665,74,28
43806,2.0833333333333335,70,15
43820,2.3333333333333335,82,14
43821,2.5,82,16
43823,2.0,82,13
43831,0.5833333333333334,20,5
43832,0.5,20,8
43841,1.3333333333333333,52,17
43842,1.0833333333333333,47,16
43844,1.25,47,2
43847,1.9166666666666667,65,18
43851,2.0833333333333335,70,17
43852,2.5,75,29
43861,1.6666666666666667,51,13
43872,0.8833333333333333,29,13
43882,0.9166666666666666,34,13
43891,0.3333333333333333,4,3
43892,0.33333333333333215,10,4
43901,1.4166666666666667,52,21
43902,1.4166666666666667,52,21
43903,1.4166666666666667,52,21
43904,1.4166666666666667,52,21
43912,1.5,53,22
43921,0.16666666666666666,5,2
43932,2.8333333333333335,84,17
43934,2.8333333333333335,84,16
43936,2.3333333333333335,84,11
43938,2.6666666666666665,84,17
43941,3.4166666666666665,97,17
43942,3.25,97,18
43943,2.9166666666666665,97,15
43952,2.4166666666666665,63,15
47100,0.75,25,13
47101,0.75,25,13
47102,0.75,25,13
47103,0.8333333333333334,25,13
47104,0.75,25,13
47105,0.8333333333333334,25,13
47106,0.75,25,13
47107,0.75,25,13
47108,0.75,25,13
47109,0.75,25,13
47110,0.75,25,13
47111,0.9166666666666666,25,13
47112,0.75,25,13
47113,0.75,25,13
47114,0.75,25,13
47115,0.75,25,13
47116,0.9166666666666666,25,13
47117,0.75,25,13
47118,0.75,25,13
47119,0.75,25,13
47120,0.8,25,13
47121,0.75,25,13
47122,0.8333333333333334,25,13
47123,0.75,25,13
47124,0.75,25,13
47125,0.75,25,13
47126,0.75,23,13
47127,0.8333333333333334,23,13
47128,0.8666666666666667,23,13
47129,0.75,23,13
47130,0.8333333333333334,23,13
47131,0.75,23,13
47132,0.75,23,13
47133,0.8333333333333334,23,13
47134,0.75,23,13
47135,0.7833333333333333,23,13
47136,0.75,23,13
47137,0.75,23,13
47138,0.8333333333333334,23,13
47139,0.75,23,13
47140,0.7833333333333333,23,13
47141,0.75,23,13
47142,0.8333333333333334,23,13
47143,0.75,23,13
47144,0.75,23,13
47145,0.8333333333333334,23,13
47146,0.75,23,13
47147,0.75,23,13
47148,0.75,23,13
47149,1.3666666666666667,37,22
47150,1.2833333333333334,37,22
47151,1.3666666666666667,37,22
47152,1.25,37,22
47153,1.5,37,22
47154,1.2833333333333334,37,22
47155,1.3833333333333333,37,22
47156,1.2833333333333334,37,22
47157,1.4166666666666667,37,22
47158,1.3333333333333333,37,22
47159,1.5,37,22
47160,1.2833333333333334,37,22
47161,1.3333333333333333,37,22
47162,1.35,37,22
47163,1.3333333333333333,37,22
47164,1.4166666666666667,37,22
47165,1.45,37,22
47166,1.3666666666666667,37,22
47167,1.3333333333333333,37,22
47168,0.75,14,11
47169,1.3833333333333333,37,22
47170,1.4166666666666667,37,22
47171,1.2833333333333334,37,22
47172,0.5,14,11
47173,1.2833333333333334,37,22
47174,1.4166666666666667,37,22
47175,1.2833333333333334,37,22
47176,1.4,37,22
47177,1.45,37,22
47178,1.2833333333333334,37,22
47179,1.2833333333333334,37,22
47180,1.2833333333333334,37,22
47181,1.3333333333333333,37,22
47182,1.3333333333333333,37,22
47183,1.3666666666666667,37,22
47184,1.2666666666666666,37,22
47185,1.2833333333333334,37,22
47186,1.4166666666666667,37,22
47187,1.4166666666666667,37,22
47188,1.45,37,22
47189,1.3833333333333333,37,22
47190,1.4166666666666667,37,22
47191,1.3666666666666667,37,22
47192,1.2833333333333334,37,22
47193,1.3666666666666667,37,22
47194,1.5,37,22
47195,0.9166666666666666,22,12
47196,0.5,9,7
47197,1.1666666666666667,24,17
47198,1.5,37,22
47199,1.1166666666666667,24,17
47200,1.3333333333333333,24,17
47201,1.0833333333333333,24,17
47202,1.0833333333333333,24,17
47203,1.3333333333333333,37,22
47204,0.75,14,11
47205,0.5,14,11
47206,1.1166666666666667,25,17
47207,1.3333333333333333,37,22
47208,1.1166666666666667,25,17
47209,1.1166666666666667,25,17
47210,1.2833333333333334,37,22
47211,1.3333333333333333,37,22
47212,1.3333333333333333,37,22
47213,1.3333333333333333,37,22
47214,1.4166666666666667,37,22
47215,1.3333333333333333,37,22
47216,1.3333333333333333,37,22
47217,1.3333333333333333,37,22
47218,1.4166666666666667,37,22
47219,1.2833333333333334,37,22
47220,1.75,37,22
50101,6.583333333333333,251,22
50102,5.083333333333332,244,22
50103,8.75,347,38
50104,8.833333333333334,349,38
50105,11.416666666666666,486,49
50106,11.666666666666666,476,49
50107,2.5833333333333335,78,9
50108,2.1666666666666665,83,9
50119,0.8333333333333334,27,6
50120,0.75,27,7
51027,11.583333333333334,430,26
51028,10.75,430,29
51029,13.416666666666666,565,31
51030,13.333333333333334,566,34
51033,4.583333333333333,187,8
51034,4.666666666666667,187,7
51111,1.25,56,9
51112,1.25,56,9
51113,1.25,56,9
51114,1.25,56,9
51115,1.25,56,9
51116,1.25,56,9
51135,0.25,9,2
51136,0.25,9,2
51137,0.25,9,2
51138,0.25,9,2
51139,0.25,9,2
51140,0.25,9,2
51141,0.25,9,2
51142,0.25,9,2
51145,0.25,9,2
51146,0.25,9,2
51147,0.25,9,2
51148,0.25,9,2
51149,0.25,9,2
51150,0.25,9,2
51151,3.3333333333333335,108,8
51152,3.0,109,11
51153,12.5,444,48
51154,12.0,444,47
51157,9.583333333333334,306,37
51158,13.25,306,37
51181,5.25,262,30
51182,5.75,262,30
51183,9.5,361,36
51184,9.666666666666666,339,37
51187,17.916666666666668,642,71
51188,18.666666666666668,642,71
51189,22.166666666666668,610,64
51190,20.166666666666668,609,64
51195,3.75,132,15
51196,3.6666666666666665,132,16
51197,7.166666666666667,318,35
51198,9.0,318,36
51239,0.5833333333333334,22,4
51240,0.6666666666666666,22,4
51253,4.0,115,16
51254,3.1666666666666665,115,12
51255,2.1666666666666665,88,12
51256,2.1666666666666665,88,12
51259,2.0,78,12
51260,1.75,78,11
51261,2.9166666666666665,104,11
51262,4.25,104,12
51285,13.25,397,46
51286,10.083333333333334,397,47
51293,4.416666666666667,167,20
51294,4.75,167,18
51317,3.0833333333333335,91,19
51318,3.0,91,20
51347,3.1666666666666665,120,16
51348,1.25,43,6
51350,1.75,77,11
51401,9.333333333333334,314,34
51402,10.25,311,34
51405,5.75,212,24
51406,5.333333333333333,212,24
51407,1.25,47,8
51408,1.3333333333333333,47,6
51409,10.25,325,42
51410,11.666666666666666,326,41
51411,6.5,229,29
51412,6.166666666666667,208,24
51419,7.5,278,35
51420,7.416666666666667,279,33
51421,20.166666666666668,769,83
51422,21.25,769,76
51423,2.8333333333333335,123,15
51424,3.4166666666666665,123,15
51425,10.916666666666666,427,36
51426,9.75,437,35
51427,1.4166666666666667,47,7
51428,1.25,47,7
51429,1.6666666666666667,54,8
51430,1.5833333333333333,54,9
51431,5.25,188,22
51432,4.666666666666667,188,21
51433,15.583333333333334,523,52
51434,17.083333333333332,511,52
51435,4.583333333333333,145,19
51436,4.333333333333333,145,19
51437,4.583333333333333,189,17
51438,4.333333333333333,189,17
51441,4.583333333333333,180,24
51442,5.0,180,24
51451,3.1666666666666665,120,16
51452,3.25,121,16
51458,0.75,20,2
51461,3.4166666666666665,137,17
51462,3.1666666666666665,137,16
51463,3.4166666666666665,137,16
51464,3.5,137,16
51601,7.25,261,31
51602,8.166666666666666,264,31
51603,6.5,263,32
51604,7.666666666666668,266,32
51605,8.0,256,28
51606,8.25,253,28
51607,2.9166666666666665,118,17
51608,2.9166666666666665,118,17
51609,2.9166666666666665,118,17
51610,3.0,118,17
51611,8.833333333333334,303,38
51612,8.833333333333334,303,38
51671,9.75,434,44
51672,10.166666666666666,434,44
51673,8.666666666666666,434,40
51674,10.833333333333334,434,40
51675,9.083333333333334,316,34
51676,10.333333333333334,316,34
51678,2.8333333333333335,81,11
51679,9.916666666666666,316,36
51680,9.666666666666666,316,36
51685,0.8333333333333334,32,5
51686,0.9166666666666666,33,5
51687,0.9166666666666666,32,5
51688,0.9166666666666666,33,5
51701,6.333333333333333,238,26
51702,6.166666666666667,238,26
51703,4.0,124,18
51704,3.5833333333333335,121,17
51705,3.9166666666666665,121,17
51706,3.75,121,17
51708,4.166666666666667,124,18
51753,11.5,401,30
51754,13.666666666666666,403,30
51755,2.9166666666666665,86,11
51756,3.25,86,11
51763,2.0833333333333335,77,10
51764,2.75,77,10
51765,3.0833333333333335,77,10
51766,2.0,77,10
51803,6.25,221,26
51804,6.333333333333333,221,26
51805,7.083333333333332,291,31
51806,7.75,291,31
51807,4.333333333333333,191,20
51811,3.9166666666666665,151,20
51812,4.166666666666667,151,20
51813,8.583333333333334,295,38
51814,7.833333333333332,295,39
51815,5.166666666666667,204,25
51816,5.5,204,25
51817,8.333333333333334,254,26
51818,7.25,254,27
51821,1.25,63,6
51822,1.25,63,6
51827,15.666666666666666,381,44
51828,17.166666666666668,381,44
51829,9.75,297,35
51830,8.583333333333334,297,30
51831,7.666666666666667,204,25
51832,5.083333333333333,204,25
51861,0.5833333333333334,13,2
51862,0.5833333333333334,13,2
51863,0.5833333333333334,13,2
51864,0.5833333333333334,13,2
51865,0.5833333333333334,13,2
51866,0.5833333333333334,13,2
51867,0.5833333333333334,13,2
51868,0.5833333333333334,13,2
51869,0.5833333333333334,13,2
51870,0.5833333333333334,13,2
51881,3.3333333333333335,107,14
51882,2.6666666666666665,107,14
51883,10.5,345,31
51884,9.25,345,31
51885,3.8333333333333335,152,18
51886,3.5833333333333335,154,18
51901,7.0,190,31
51902,6.416666666666667,194,32
51905,3.3333333333333335,93,24
51906,2.5,90,16
51907,2.0833333333333335,70,13
51908,1.9166666666666667,70,13
51909,5.666666666666667,163,36
51910,5.333333333333333,163,36
51911,5.083333333333333,163,36
51912,5.583333333333333,163,36
51913,5.5,163,32
51914,4.916666666666667,160,28
51915,1.75,52,12
51916,2.0833333333333335,51,12
51971,3.0833333333333335,122,13
51972,2.75,123,13
51973,7.166666666666667,273,34
51974,7.833333333333333,273,34
52073,6.166666666666667,202,15
52074,6.083333333333332,202,15
52075,6.0,202,16
52076,5.916666666666667,202,16
52171,10.916666666666666,186,28
52172,11.0,186,28
52173,5.166666666666667,92,15
52174,5.0,92,15
52175,4.666666666666667,92,8
52176,4.666666666666667,92,7
52177,5.666666666666667,103,14
52178,5.5,103,14
52179,3.0,70,9
52180,2.9166666666666665,70,9
52181,2.4166666666666665,58,9
52182,1.1666666666666667,27,5
52183,1.6666666666666667,39,5
52184,2.9166666666666665,70,9
52205,2.25,67,13
52206,2.1666666666666665,67,8
52207,2.25,67,13
52208,2.5,67,13
52221,2.4166666666666665,67,13
52222,2.4166666666666665,67,13
52223,2.3333333333333335,67,13
52224,2.25,67,13
52225,2.0,67,8
52226,2.25,67,13
52229,2.8333333333333335,84,15
52230,3.25,84,16
52231,2.6666666666666665,84,15
52232,2.8333333333333335,84,15
52233,2.8333333333333335,83,15
52234,3.25,84,16
52235,3.0833333333333335,83,14
52236,2.75,84,13
52239,3.1666666666666665,78,6
52240,2.5,78,6
52241,7.5,205,18
52242,7.0,205,18
52251,7.25,205,18
52252,7.25,205,19
52253,8.0,205,18
52254,6.833333333333333,205,18
52255,7.25,205,19
52256,6.5,205,18
52257,6.5,205,16
52258,6.333333333333333,205,16
52259,7.25,205,16
52260,6.833333333333333,205,16
52263,2.0,54,6
52264,2.0,54,6
52265,2.0,54,6
52266,2.0,54,6
52267,2.25,54,6
52268,2.0,54,6
52297,2.25,84,6
52298,2.75,84,6
52451,4.666666666666667,95,3
52452,4.75,95,3
52453,5.083333333333333,95,12
52454,5.0,95,14
52455,5.333333333333333,95,11
52456,5.75,95,10
52457,5.416666666666667,95,18
52458,5.75,95,18
52461,3.9166666666666665,93,17
52462,3.75,104,17
52463,6.75,156,28
52464,6.833333333333333,176,27
52465,7.25,162,30
52466,7.0,185,30
52467,7.583333333333333,162,30
52468,6.25,185,30
52469,6.666666666666667,164,25
52470,6.333333333333333,169,23
52471,9.166666666666666,192,30
52472,10.166666666666666,215,34
52473,9.75,191,34
52474,10.25,213,33
52540,7.166666666666667,87,12
52541,7.083333333333333,87,12
52570,3.25,30,5
52571,3.75,30,5
52587,2.5833333333333335,30,5
52588,2.5,30,5
52591,1.75,12,3
52592,2.0833333333333335,12,3
52593,2.0,12,3
52594,2.0,12,3
52595,2.0,12,3
52596,2.0,12,3
52597,1.75,12,3
52598,2.0,12,3
52599,2.0,12,3
52911,4.416666666666667,134,14
52912,3.9166666666666665,134,14
52913,4.833333333333333,134,14
52914,4.25,134,14
52929,7.0,189,17
52930,5.916666666666667,189,17
52931,2.5833333333333335,104,11
52932,2.4166666666666665,104,11
52933,6.333333333333333,189,17
52934,4.75,154,21
52935,4.416666666666667,154,20
52938,5.0,175,14
52939,5.166666666666667,175,14
52940,4.75,154,20
52941,4.416666666666667,154,20
52942,3.6666666666666665,154,12
52943,3.25,154,12
52944,3.9166666666666665,154,17
52945,3.75,154,17
52946,5.75,189,17
52947,2.3333333333333335,104,11
52948,2.25,104,11
52949,3.5833333333333335,95,12
52950,3.25,95,12
52951,6.166666666666667,159,19
52952,6.083333333333333,159,19
52953,3.75,70,7
52954,2.5833333333333335,70,7
52955,4.166666666666667,133,12
52956,3.8333333333333335,133,12
52963,2.3333333333333335,63,8
52964,2.5,63,8
52973,2.5,63,8
52974,2.5,63,8
52975,2.5,63,8
52976,2.5,63,8
52987,2.5,63,8
52988,2.5,63,8
53001,6.0,209,42
53002,6.75,216,36
53005,2.25,65,17
53006,1.8333333333333333,72,16
53007,4.5,131,28
53008,5.5,131,29
53009,2.0833333333333335,65,18
53010,2.1666666666666665,72,19
53011,2.0,65,15
53012,2.25,72,20
53013,2.0,72,17
53014,2.0,72,17
53015,2.0,65,16
53016,2.3333333333333335,72,16
53017,2.25,72,17
53018,2.216666666666667,72,20
53019,1.8333333333333333,65,13
53020,2.033333333333333,65,15
53021,5.166666666666667,142,25
53022,5.25,142,25
53023,1.9166666666666667,59,11
53024,1.6666666666666679,59,10
53025,1.8333333333333333,59,11
53026,2.1666666666666665,59,11
53027,3.6666666666666665,112,22
53028,3.8333333333333335,112,22
53029,8.916666666666666,217,42
53030,8.166666666666666,217,41
53031,2.0,59,11
53034,1.75,59,11
53035,4.25,87,18
53036,2.75,87,20
53037,2.3333333333333335,74,14
53038,2.4166666666666665,74,14
53041,5.333333333333333,718,118
53042,2.8333333333333335,718,107
53043,23.75,653,83
53044,23.666666666666668,653,73
53045,5.833333333333333,286,21
53046,6.083333333333333,287,20
53047,4.75,218,23
53048,5.0,218,23
53049,12.0,453,53
53050,14.833333333333334,454,50
53061,11.916666666666666,348,50
53062,12.916666666666666,346,50
53063,5.0,194,31
53064,5.916666666666667,194,31
53068,2.5833333333333335,111,19
53069,2.6666666666666665,111,19
53073,3.583333333333332,137,22
53074,3.5833333333333335,137,22
53075,1.9166666666666679,82,13
53076,2.1666666666666665,82,13
53081,1.6666666666666667,64,8
53131,18.416666666666668,571,70
53132,19.75,572,70
53137,1.9166666666666667,82,13
53138,2.1666666666666665,82,13
53139,7.416666666666668,324,18
53140,6.583333333333333,325,18
53171,5.833333333333333,231,40
53172,6.5,229,38
53175,5.833333333333333,231,35
53176,5.783333333333333,229,36
53177,5.333333333333333,230,29
53178,6.166666666666667,229,36
53179,5.583333333333333,223,35
53180,6.083333333333333,222,39
53181,5.666666666666668,230,34
53186,5.416666666666667,229,33
53207,2.3333333333333335,42,5
53208,1.5833333333333333,42,5
53209,3.5,71,8
53210,3.8333333333333335,71,8
53211,4.5,146,13
53212,5.833333333333333,146,13
53213,3.0833333333333335,94,26
53214,3.1666666666666665,88,25
53221,2.5,53,8
53222,2.5,53,8
53223,3.0,53,8
53224,3.0,53,7
53225,5.5,140,13
53226,5.883333333333334,140,13
53229,5.0,108,19
53230,4.916666666666667,108,18
53231,8.583333333333334,154,20
53232,6.416666666666667,154,20
53323,1.3333333333333333,27,7
53324,1.4166666666666667,27,7
53327,2.0833333333333335,56,12
53328,2.25,56,12
53333,1.5,27,6
53334,1.1666666666666667,27,6
53343,13.333333333333334,460,59
53344,13.166666666666666,460,58
53345,8.583333333333334,223,23
53346,7.916666666666667,223,23
53347,7.0,258,36
53348,8.083333333333334,258,35
53349,4.25,159,24
53350,4.583333333333333,159,24
53351,8.916666666666666,304,31
53352,9.333333333333334,304,31
53357,8.166666666666666,316,43
53358,8.25,316,42
53363,2.0833333333333335,85,14
53364,2.1666666666666665,85,14
53365,2.5,87,9
53366,2.5,87,9
53369,2.5,87,9
53370,2.5,87,9
53371,4.5,139,16
53372,4.333333333333333,139,16
53373,4.166666666666667,139,16
53374,4.333333333333333,139,16
53401,3.25,103,19
53402,3.0833333333333335,103,19
53403,18.366666666666667,433,66
53404,6.5,174,21
53405,3.433333333333333,137,22
53406,4.083333333333333,137,22
53408,8.75,259,46
53411,1.5,54,10
53412,1.5,54,10
53415,4.5,127,31
53416,4.083333333333333,127,31
53417,6.0,233,39
53418,6.666666666666667,233,39
53423,1.25,45,13
53424,1.4166666666666667,44,13
53431,4.833333333333333,127,31
53432,3.9166666666666665,127,31
53433,3.25,87,19
53434,2.75,87,19
53435,2.3333333333333335,65,19
53436,2.4166666666666665,65,18
53441,2.9166666666666665,71,16
53442,2.9166666666666665,72,16
53443,2.75,71,16
53444,3.0,73,18
53445,3.0,71,16
53446,2.9166666666666665,72,16
53447,2.25,50,15
53448,2.3333333333333335,51,15
53449,2.25,50,15
53450,2.3333333333333335,51,15
53451,1.3333333333333333,41,6
53452,1.4166666666666667,41,6
53479,1.3333333333333333,45,13
53480,1.4166666666666667,44,13
53481,0.4166666666666667,11,2
53482,0.4166666666666667,11,2
53483,0.4166666666666667,11,2
53484,0.4166666666666667,11,2
53485,0.4666666666666667,11,2
53486,0.4166666666666667,11,2
53487,0.4666666666666667,11,2
53488,0.4166666666666667,11,2
53489,0.4166666666666667,11,2
53490,0.4166666666666667,11,2
53491,0.4166666666666667,11,2
53492,0.4666666666666667,11,2
53493,0.4166666666666667,11,2
53494,0.4166666666666667,11,2
53495,0.4166666666666667,11,2
53496,0.4166666666666667,11,2
53497,1.6666666666666667,52,18
53498,2.1166666666666667,52,18
53511,1.0,38,7
53512,0.9166666666666666,37,7
53513,1.0,38,7
53514,1.0,37,7
53515,1.0,38,7
53516,1.0,37,7
53517,1.0,38,7
53518,0.9166666666666666,37,7
53519,0.9166666666666666,38,7
53520,0.9166666666666666,37,7
53523,6.25,188,35
53524,6.833333333333333,188,35
53525,13.666666666666666,453,63
53526,13.5,453,62
53551,1.6666666666666667,70,9
53552,1.6666666666666667,70,9
53553,1.6666666666666667,70,9
53554,1.6666666666666667,70,9
53555,1.75,70,9
53556,1.75,70,9
53611,4.583333333333333,159,24
53612,4.75,159,24
53615,6.083333333333333,174,19
53616,5.333333333333333,174,19
53623,6.416666666666667,183,20
53624,7.916666666666667,183,21
53625,5.25,129,13
53626,4.833333333333333,129,13
53627,5.416666666666667,129,12
53628,5.75,129,12
53629,4.75,129,12
53630,4.75,129,13
53631,4.083333333333333,129,12
53632,4.583333333333332,129,12
53641,2.4166666666666665,53,9
53642,1.5,53,9
53643,1.0,18,4
53644,1.0,18,4
53645,1.0,18,4
53646,1.0,18,4
53647,1.0,18,4
53648,1.0,18,4
54001,2.6666666666666665,73,20
54002,2.466666666666667,73,20
54005,3.9166666666666665,119,23
54006,4.583333333333333,141,25
54007,4.333333333333333,141,25
54008,4.166666666666667,141,25
54009,4.666666666666667,141,25
54010,0.75,33,5
54011,6.666666666666668,227,39
54012,6.466666666666667,227,39
54013,1.0833333333333333,49,7
54014,1.5833333333333333,49,7
54015,1.5833333333333333,49,7
54016,1.25,49,7
54018,1.4166666666666667,49,7
54019,1.6666666666666667,81,8
54023,1.3333333333333333,57,9
54024,4.583333333333333,127,25
54025,2.75,60,6
54026,1.75,71,6
54031,3.5833333333333335,127,25
54032,3.6666666666666665,127,25
54033,5.0,160,29
54034,3.9166666666666665,127,25
54035,6.0,199,35
54036,5.583333333333333,199,35
54037,3.4166666666666665,120,17
54038,3.0,119,17
54039,3.25,120,17
54040,3.0833333333333335,119,17
54041,3.0833333333333335,120,17
54042,3.1666666666666665,119,17
54043,8.0,327,40
54044,9.833333333333334,327,40
54045,9.166666666666666,257,34
54046,7.333333333333333,257,36
54047,2.916666666666668,120,10
54048,3.3333333333333335,119,17
54049,4.333333333333333,141,25
54050,4.25,141,25
54051,3.0833333333333335,123,14
54052,2.8333333333333335,123,14
54053,3.25,128,19
54054,3.5833333333333335,128,19
54055,5.916666666666667,160,26
54056,5.583333333333333,160,26
54057,3.666666666666668,93,24
54058,3.6666666666666665,93,24
54059,2.5,90,16
54060,3.6666666666666665,93,24
54075,13.25,408,40
54076,13.75,408,44
54077,4.416666666666667,110,18
54078,4.833333333333333,110,19
54085,2.6666666666666665,82,18
54086,3.1666666666666665,82,18
54091,0.8333333333333334,24,3
54092,0.8333333333333334,24,3
54101,6.25,208,34
54102,6.083333333333333,208,34
54103,3.0833333333333335,120,16
54104,3.1666666666666665,120,16
54107,5.166666666666667,113,19
54108,4.583333333333333,113,19
54109,6.916666666666667,214,33
54110,7.083333333333333,214,33
54152,2.75,77,13
54153,5.833333333333333,167,27
54154,5.633333333333334,167,27
54155,4.416666666666667,138,27
54156,4.166666666666667,139,27
54158,3.666666666666668,136,26
54159,11.583333333333334,397,44
54161,6.583333333333333,261,27
54162,6.666666666666667,261,28
54201,1.0833333333333333,37,7
54211,4.333333333333333,128,23
54212,4.666666666666667,128,23
54221,1.8333333333333333,57,10
54222,2.25,57,10
54223,2.4166666666666665,57,10
54224,2.0,57,10
54225,0.8333333333333334,37,5
54226,0.8333333333333334,37,5
54227,1.25,37,5
54228,0.8333333333333334,37,5
54231,3.6666666666666665,127,18
54232,4.25,127,18
54233,3.1666666666666665,127,18
54234,4.333333333333333,127,18
54237,1.5,46,7
54238,1.5,45,7
54239,1.0,38,5
54240,0.9166666666666666,38,5
54243,1.0,38,5
54244,1.0833333333333333,38,5
54251,22.833333333333332,508,74
54252,19.833333333333332,518,75
54253,9.166666666666666,225,32
54254,7.333333333333333,225,32
54255,8.916666666666666,301,43
54256,10.166666666666666,301,42
54261,3.0,75,14
54262,2.0,57,11
54263,3.5,143,21
54264,3.6666666666666665,143,21
54265,3.9166666666666665,143,21
54266,4.25,143,21
54267,0.8333333333333334,18,4
54268,0.8333333333333334,18,4
54270,0.7833333333333333,18,4
54271,7.166666666666667,198,31
54272,5.800000000000001,198,31
54273,3.4166666666666665,97,17
54274,4.333333333333333,97,17
54281,4.083333333333333,139,19
54282,4.25,139,18
54283,5.166666666666668,139,18
54284,3.8333333333333335,139,18
54291,3.6666666666666665,128,18
54292,4.25,128,18
54293,5.583333333333333,172,25
54294,6.583333333333333,172,27
54303,8.5,266,41
54304,12.583333333333334,331,47
54307,6.166666666666667,160,23
54308,6.333333333333333,160,23
54309,2.8333333333333335,82,18
54310,2.8333333333333335,82,18
54311,3.5,110,20
54312,3.75,110,20
54313,1.9166666666666667,43,9
54314,1.75,43,9
54321,4.883333333333334,64,13
54322,2.8333333333333335,64,13
54323,2.4166666666666665,98,11
54324,2.3333333333333335,97,14
54325,9.083333333333334,176,30
54326,9.0,176,30
54327,2.8333333333333335,86,11
54328,2.3333333333333335,86,11
54329,3.4166666666666665,95,16
54330,3.25,95,16
54331,2.4166666666666665,68,11
54332,2.4166666666666665,68,10
54333,12.5,323,46
54334,10.666666666666666,323,46
54335,3.8333333333333335,117,20
54336,3.9166666666666665,117,20
54341,6.416666666666667,131,21
54342,5.333333333333333,131,21
54351,6.166666666666667,164,27
54352,5.75,164,27
54353,5.833333333333333,164,22
54354,5.833333333333333,164,27
54355,2.25,78,13
54356,3.1666666666666665,78,13
54371,6.75,150,21
54372,5.166666666666667,150,21
54373,4.916666666666667,150,21
54374,5.5,150,21
54375,4.083333333333333,107,18
54376,3.9166666666666665,107,18
54377,14.5,429,62
54378,15.5,429,62
54381,3.75,106,17
54382,4.583333333333333,106,18
54383,4.0,106,18
54384,3.8333333333333335,106,17
54385,0.8333333333333334,24,3
54386,0.8333333333333334,24,3
54387,0.8333333333333334,24,3
54388,0.8333333333333334,24,3
54389,0.8333333333333334,24,3
54390,0.8333333333333334,24,3
54391,4.583333333333333,142,24
54392,4.75,142,24
54393,2.1666666666666665,53,9
54394,2.3333333333333335,53,9
54395,6.25,159,23
54396,5.5,159,23
54397,2.6666666666666665,47,9
54398,2.3333333333333335,47,9
54401,3.5833333333333335,92,14
54402,4.333333333333333,92,14
54403,3.1666666666666665,92,14
54404,2.9166666666666665,92,14
54405,3.5,92,14
54406,2.9166666666666665,92,13
54411,5.75,160,37
54412,5.416666666666667,160,37
54413,2.5,82,18
54414,2.5833333333333335,82,18
54416,2.5,82,18
54417,2.5833333333333335,82,18
54420,2.9166666666666665,82,18
54421,3.1666666666666665,82,18
54423,3.5833333333333335,119,23
54424,3.6666666666666665,119,23
54461,15.666666666666666,415,55
54462,14.75,416,56
54463,9.666666666666666,233,38
54464,11.166666666666666,233,36
54465,4.166666666666667,142,21
54466,4.583333333333333,142,21
54467,2.3333333333333335,73,10
54468,1.6666666666666667,73,10
54469,1.8333333333333333,73,10
54470,1.8333333333333333,73,10
54471,11.083333333333334,283,45
54472,11.916666666666666,283,46
54473,5.916666666666668,189,33
54474,5.083333333333333,189,28
54475,12.0,243,50
54476,11.833333333333334,243,50
54481,1.0833333333333333,22,5
54482,1.0,22,5
54483,1.0,22,5
54484,1.1666666666666667,22,5
54485,1.1666666666666667,22,5
54486,0.9166666666666666,22,5
54531,1.8333333333333333,69,8
54532,1.6666666666666667,69,8
54539,11.25,272,42
54540,10.416666666666666,272,40
54541,5.916666666666667,194,28
54542,7.083333333333333,194,28
54551,5.083333333333333,201,26
54552,5.25,201,26
54553,2.5,106,14
54555,2.3333333333333335,95,13
54556,5.333333333333333,201,24
54557,1.3333333333333333,53,7
54558,1.3333333333333333,53,7
54559,3.0,116,12
54560,3.0833333333333335,116,12
54561,2.0833333333333335,87,13
54562,2.4166666666666665,87,13
54563,2.1666666666666665,87,13
54564,2.3333333333333335,87,13
54571,3.4166666666666665,123,20
54572,3.8333333333333335,123,20
54575,2.4166666666666665,77,15
54576,2.5,77,15
54581,1.1666666666666667,43,7
54582,1.25,43,7
54601,9.333333333333334,345,38
54602,12.5,415,39
54603,5.75,209,29
54604,5.583333333333333,209,29
54605,7.75,279,35
54606,5.75,209,29
54611,2.9166666666666665,106,16
54612,2.9166666666666665,106,17
54613,3.0,106,17
54614,3.0,106,17
54615,3.3333333333333335,106,17
54616,3.0833333333333335,106,17
54621,3.0,115,18
54622,3.3333333333333335,115,18
54625,3.25,87,17
54626,3.3333333333333335,87,17
54631,5.5,207,24
54632,6.25,229,27
54633,7.083333333333333,291,36
54634,8.25,269,34
54635,6.083333333333333,209,28
54636,5.583333333333333,209,29
54637,1.5,42,7
54638,1.1666666666666667,42,7
54641,12.416666666666666,384,60
54642,11.333333333333334,384,59
54643,3.5,117,18
54644,3.4166666666666665,117,18
54645,2.8333333333333335,123,14
54646,3.4166666666666665,123,20
54651,1.3333333333333333,53,6
54654,1.5,53,6
54701,7.5,319,31
54702,10.166666666666666,394,39
54703,18.333333333333332,661,60
54704,14.833333333333334,601,56
54751,11.583333333333334,413,48
54752,10.75,412,48
54753,3.1666666666666665,126,18
54754,3.0833333333333335,126,18
54755,3.0833333333333335,126,18
54756,3.1666666666666665,126,18
54757,9.5,327,43
54758,8.666666666666666,327,43
54759,3.0,137,17
54760,2.9166666666666665,125,16
54761,3.0,125,16
54762,3.0,125,16
54763,6.166666666666667,190,31
54764,5.75,190,26
54765,2.25,95,11
54766,2.6666666666666665,95,11
54781,8.333333333333334,300,38
54782,7.666666666666667,300,42
54783,12.25,422,60
54784,11.416666666666666,423,60
54785,2.5833333333333335,88,14
54786,2.4166666666666665,88,14
54787,2.0,82,13
54788,1.8333333333333333,82,10
54789,8.666666666666666,384,45
54790,8.75,384,45
54791,7.5,279,32
54792,8.083333333333334,279,34
54793,6.083333333333333,212,22
54794,5.75,212,23
54803,12.833333333333334,457,58
54804,14.166666666666666,455,58
54805,23.333333333333332,618,86
54806,22.166666666666668,621,81
54809,12.916666666666666,542,64
54810,13.583333333333334,543,64
54813,4.833333333333333,208,24
54819,7.0,300,22
54820,7.5,300,22
54822,1.0,21,2
54825,3.25,88,12
54826,3.75,87,12
54833,9.666666666666666,367,41
54834,9.666666666666666,367,41
54835,3.6666666666666665,142,21
54836,3.75,143,21
54881,2.1666666666666665,118,8
54882,2.25,118,8
55001,5.583333333333333,164,26
55002,5.166666666666667,164,24
55007,10.75,290,50
55008,9.45,290,50
55009,2.8333333333333335,108,17
55010,3.75,109,17
55011,3.75,118,18
55012,3.8333333333333335,119,18
55013,8.166666666666666,200,33
55014,8.166666666666666,201,33
55017,4.25,132,23
55018,4.683333333333334,134,23
55019,5.75,178,27
55020,5.833333333333333,179,27
55021,7.333333333333333,225,40
55022,8.0,225,40
55025,4.666666666666667,152,25
55026,5.166666666666667,153,25
55027,5.5,152,25
55028,4.0,153,25
55029,4.833333333333332,150,21
55030,5.5,150,21
55031,13.583333333333334,339,58
55032,11.833333333333334,332,55
55033,3.8333333333333335,160,24
55034,5.166666666666667,163,25
55035,4.25,159,22
55036,4.333333333333333,158,22
55037,2.9166666666666665,103,16
55038,2.3333333333333335,97,14
55041,4.25,150,16
55042,5.583333333333333,189,26
55043,3.25,81,19
55044,3.3333333333333335,81,19
55045,3.9166666666666665,90,14
55046,3.25,90,13
55049,10.583333333333334,332,55
55050,12.75,340,58
55051,3.1666666666666665,81,19
55052,3.0833333333333335,81,19
55055,2.25,39,6
55056,1.0,38,6
55071,5.0,150,21
55072,4.916666666666667,150,21
55073,5.0,150,21
55074,4.5,150,14
55075,6.5,166,28
55076,6.083333333333332,166,28
55077,3.9166666666666665,112,22
55078,3.5,112,22
55079,6.25,189,28
55080,4.75,150,21
55081,6.166666666666668,150,16
55082,4.833333333333333,150,21
55101,1.1666666666666667,30,7
55102,1.5833333333333333,30,7
55103,1.3333333333333333,30,7
55104,1.25,30,7
55105,0.9166666666666666,20,5
55106,0.9166666666666666,20,5
55107,0.8333333333333334,28,5
55108,0.8333333333333334,28,5
55109,1.0,28,5
55110,0.9166666666666666,28,5
55111,0.8333333333333334,28,5
55112,0.8333333333333334,28,5
55113,0.9166666666666666,28,5
55114,0.9166666666666666,28,5
55115,4.166666666666667,108,17
55116,3.25,109,17
55119,8.333333333333334,227,34
55120,10.0,227,34
55122,5.5,164,26
55123,5.416666666666667,156,24
55125,4.0,118,22
55126,4.083333333333333,118,22
55127,4.083333333333333,118,22
55128,4.0,118,22
55129,3.3333333333333335,118,22
55130,4.166666666666667,118,22
55131,8.0,200,33
55132,7.416666666666667,201,33
55133,3.6666666666666665,136,22
55134,4.583333333333333,136,22
55135,4.916666666666667,131,20
55136,4.666666666666667,131,20
55137,5.833333333333333,167,26
55138,4.75,168,26
55139,5.083333333333333,167,26
55140,7.166666666666667,168,26
55141,3.1666666666666665,81,19
55142,2.75,81,19
55143,1.75,56,9
55144,1.5,58,9
55145,0.8333333333333334,20,5
55146,0.9166666666666666,20,5
55149,7.083333333333332,227,27
55150,7.5,227,28
55159,1.75,56,9
55160,1.5,58,9
55163,5.916666666666668,157,24
55164,5.916666666666668,157,24
55165,1.1666666666666667,43,8
55166,1.6666666666666667,43,8
55167,0.4166666666666667,17,3
55168,0.4166666666666667,17,3
55169,0.5,17,3
55170,0.3333333333333333,17,3
55171,0.4166666666666667,6,2
55172,0.4166666666666667,6,2
55173,0.4166666666666667,6,2
55174,0.4166666666666667,6,2
55175,0.4166666666666667,6,2
55176,0.4166666666666667,6,2
55177,0.4166666666666667,6,2
55178,0.4166666666666667,6,2
55179,0.3333333333333333,6,2
55180,0.4166666666666667,6,2
55181,3.5833333333333335,106,27
55182,3.5833333333333335,106,27
55183,3.6666666666666665,106,27
55184,3.6666666666666665,106,27
55207,4.283333333333333,159,19
55208,5.083333333333332,159,24
55209,6.0,159,18
55211,4.666666666666667,129,22
55212,4.75,129,15
55213,6.166666666666667,159,19
55214,5.25,159,19
55215,2.5833333333333335,74,15
55216,3.1666666666666665,74,15
55217,2.6666666666666665,74,14
55218,3.1666666666666665,74,14
55220,6.083333333333333,159,19
55221,4.666666666666667,179,24
55222,5.75,179,25
55223,9.7,267,41
55224,10.45,267,41
55225,4.25,129,21
55226,4.833333333333333,129,20
55227,1.3,51,10
55228,1.6666666666666667,51,9
55229,3.9166666666666665,108,22
55230,4.5,108,22
55231,1.5,12,4
55232,1.0,12,4
55237,1.8333333333333333,50,9
55238,1.5,50,9
55239,2.1666666666666665,51,9
55240,2.0,51,10
55301,4.083333333333333,116,13
55302,5.25,116,13
55303,5.583333333333333,125,14
55304,5.666666666666667,125,13
55305,2.0,76,7
55306,2.5,85,12
55307,2.25,76,8
55308,2.3333333333333335,85,12
55309,2.5,85,12
55310,2.1666666666666665,76,8
55311,1.5833333333333333,58,9
55312,1.6666666666666667,58,9
55313,0.5833333333333334,27,4
55314,0.5833333333333334,27,4
55315,1.3333333333333333,54,7
55316,1.3333333333333333,54,7
55317,1.3333333333333333,54,7
55318,1.25,54,7
55319,1.25,54,6
55320,1.5,54,6
55321,2.25,85,12
55322,2.4166666666666665,76,7
55323,2.25,76,6
55324,2.0,76,6
55325,10.25,319,55
55326,9.916666666666666,320,55
55327,3.9166666666666665,138,27
55328,4.083333333333333,139,27
55329,7.583333333333333,213,33
55330,5.833333333333333,214,33
55331,2.5833333333333335,107,17
55332,2.8333333333333335,107,17
55333,4.75,166,22
55334,5.083333333333333,166,22
55335,2.25,81,10
55336,2.25,81,10
55337,4.0,139,18
55338,4.0,139,18
55339,2.5833333333333335,105,14
55340,2.4166666666666665,105,7
55341,5.416666666666667,167,22
55342,5.583333333333333,167,22
55343,3.5,141,19
55344,3.5,141,19
55345,3.5,141,19
55346,3.6666666666666665,141,19
55347,2.5,81,10
55348,2.25,81,10
55349,2.5,81,10
55350,2.4166666666666665,81,10
55351,2.4166666666666665,81,10
55352,2.5,81,10
55353,2.25,105,7
55354,2.5,105,14
55355,3.5833333333333335,141,19
55356,3.3333333333333335,141,19
55357,3.3333333333333335,141,19
55358,3.75,141,19
55359,2.75,119,8
55360,3.0,119,8
55361,2.0,55,9
55362,1.9166666666666667,55,9
55363,2.0,55,9
55364,1.9166666666666667,55,9
55365,2.0,55,9
55366,1.9166666666666667,55,9
55367,2.0,55,9
55368,2.0,55,9
55369,1.6666666666666667,55,7
55370,1.8333333333333333,55,7
55371,0.75,25,3
55372,0.75,25,3
55373,0.75,25,3
55374,0.75,25,3
55375,0.75,25,3
55376,0.75,25,3
55421,2.9166666666666665,106,14
55422,3.0833333333333335,106,14
55465,2.5833333333333335,72,14
55466,2.75,72,14
55467,8.25,233,34
55468,8.833333333333334,233,34
55513,4.0,105,16
55514,4.0,105,23
55517,3.5,68,9
55518,3.0,68,9
55519,3.9166666666666665,105,16
55520,3.75,105,16
55525,1.6666666666666667,50,10
55526,2.0,50,10
55527,11.0,266,37
55528,10.333333333333334,266,37
55533,4.75,138,23
55534,4.75,139,23
55537,7.5,230,34
55538,7.5,230,35
55539,11.416666666666666,267,44
55540,9.916666666666666,267,43
55541,6.416666666666667,159,28
55542,7.633333333333334,159,28
55549,5.0,87,17
55550,3.0833333333333335,87,18
55553,5.333333333333332,138,23
55554,4.416666666666667,139,23
55555,4.083333333333333,139,20
55556,5.75,139,23
55559,5.5,139,19
55560,4.666666666666667,139,23
55563,3.75,100,13
55564,3.5,100,13
55565,4.75,139,19
55566,5.083333333333333,139,19
55567,5.583333333333333,139,19
55568,5.5,139,19
55569,0.75,21,3
55570,0.6666666666666666,21,3
55571,3.9166666666666665,100,13
55572,3.75,100,13
55575,2.5,54,5
55576,3.0,54,5
55577,2.3333333333333335,54,5
55578,2.75,54,5
55583,3.3333333333333335,100,13
55584,3.25,100,13
55601,5.916666666666667,181,26
55602,6.75,180,26
55603,5.0,160,29
55604,5.0,160,29
55615,14.083333333333334,380,33
55616,13.25,379,33
55661,2.8333333333333335,60,12
55662,2.4166666666666665,60,12
55663,9.25,256,35
55664,8.5,255,35
55665,2.5,67,10
55666,2.3333333333333335,56,9
55667,4.083333333333333,103,14
55668,3.8333333333333335,103,14
55675,4.0,140,14
55676,4.0,140,14
55677,5.25,115,22
55678,4.833333333333333,115,22
55679,3.75,140,14
55680,4.25,140,14
55681,1.25,42,5
55682,1.1666666666666667,42,5
55683,1.25,42,5
55684,1.0833333333333333,42,5
55685,2.9166666666666665,60,12
55686,2.6666666666666665,60,12
55687,4.666666666666667,101,10
55688,3.75,101,10
55689,3.75,71,15
55690,3.0,71,15
55701,3.75,90,20
55702,3.0,90,20
55703,3.2333333333333334,90,20
55704,3.3333333333333335,90,20
55707,3.75,109,24
55708,3.75,109,24
55709,1.1666666666666667,24,4
55710,1.0833333333333333,24,4
55711,7.5,232,41
55712,8.0,232,41
55713,15.0,363,45
55714,12.416666666666666,363,45
55719,2.1666666666666665,49,8
55720,2.1666666666666665,49,8
55721,4.5,95,18
55722,4.5,94,18
55725,5.583333333333333,168,23
55726,5.083333333333333,168,23
55727,3.0,93,20
55728,2.9166666666666665,94,20
55729,3.0,93,20
55730,3.3333333333333335,94,20
55733,2.8333333333333335,108,15
55734,3.0833333333333335,108,19
55735,2.9166666666666665,107,19
55736,3.0,108,19
55740,3.0,108,19
55741,2.75,108,15
55742,3.0,108,15
55743,3.0,107,19
55744,2.9166666666666665,108,15
55749,1.75,56,10
55750,1.8333333333333333,56,10
55751,1.6666666666666667,56,10
55752,1.5833333333333333,56,10
55753,8.666666666666666,268,34
55754,7.833333333333333,268,34
55755,3.0833333333333335,107,19
55756,3.0833333333333335,108,19
55763,3.0,107,19
55764,3.0,108,15
55769,3.75,90,20
55770,3.3333333333333335,90,20
55771,1.75,61,9
55772,1.75,60,9
55801,4.416666666666667,156,22
55802,4.5,156,22
55803,4.583333333333333,208,19
55804,4.666666666666667,208,19
55809,4.666666666666667,156,22
55810,5.083333333333333,156,22
55811,8.166666666666666,309,21
55812,8.333333333333334,309,21
55813,9.666666666666666,343,42
55814,9.666666666666666,343,42
55817,5.75,156,17
55818,4.916666666666667,156,17
55819,4.666666666666667,126,14
55820,3.8333333333333335,126,14
55823,0.6666666666666666,6,4
55824,0.6666666666666666,6,4
55861,4.166666666666667,95,18
55862,4.5,94,18
55893,3.0833333333333335,89,15
55894,2.75,88,15
55895,12.083333333333334,426,53
55896,11.75,425,53
55901,13.5,336,49
55902,13.666666666666666,335,49
55903,6.0,155,23
55904,6.0,155,23
55909,2.6666666666666665,102,13
55910,2.6666666666666665,102,13
55913,6.416666666666667,176,27
55914,6.083333333333333,176,27
56001,1.5,68,6
56002,1.5833333333333333,68,5
56003,1.4166666666666667,62,6
56004,1.5833333333333333,62,3
56005,1.6666666666666667,62,6
56006,1.5833333333333333,62,6
56007,1.75,60,8
56008,1.8333333333333333,60,10
56009,1.9166666666666667,70,13
56010,2.1666666666666665,70,13
56011,5.583333333333333,193,27
56012,6.166666666666667,193,27
56013,2.3333333333333335,70,14
56014,2.25,70,14
56033,2.25,76,11
56034,2.5,76,11
56035,1.75,61,12
56036,1.6666666666666667,61,12
56037,4.333333333333333,196,18
56038,4.583333333333333,196,17
56041,9.75,279,33
56042,9.416666666666666,284,31
56043,0.5,22,3
56044,0.5833333333333334,22,3
56100,3.4166666666666665,99,11
56101,3.0833333333333335,99,11
56102,1.0833333333333333,40,4
56103,1.0833333333333333,40,4
56105,2.1666666666666665,84,9
56106,2.1666666666666665,85,7
56107,2.0,85,7
56108,2.0,85,7
56109,3.8333333333333335,141,25
56110,4.0,141,22
56111,4.583333333333333,178,23
56112,6.0,180,23
56113,3.4166666666666665,120,26
56114,3.25,120,26
56115,2.0,70,17
56116,2.25,70,17
56136,4.833333333333333,45,7
56137,3.5833333333333335,45,7
56138,1.25,18,6
56139,1.1666666666666667,18,6
56140,1.1666666666666667,18,6
56141,1.3333333333333333,18,6
56142,1.0833333333333333,18,6
56143,1.25,18,6
56144,0.8333333333333334,35,4
56145,0.8333333333333334,35,4
56146,0.8333333333333334,35,4
56147,0.8333333333333334,35,4
56148,0.8333333333333334,35,4
56149,0.9166666666666666,35,4
56150,0.8333333333333334,35,4
56151,0.8333333333333334,35,4
56201,1.6666666666666667,60,13
56202,1.6666666666666667,60,13
56203,1.75,60,13
56204,1.8333333333333333,60,13
56205,0.9166666666666666,25,7
56206,0.8333333333333334,25,7
56207,1.6666666666666667,60,13
56208,1.8333333333333333,60,13
56209,1.8333333333333333,60,13
56210,1.75,60,13
56215,7.25,294,34
56216,7.25,294,34
56217,2.5,96,7
56218,2.8333333333333335,96,7
56221,1.75,69,14
56222,1.75,69,14
56223,4.5,165,29
56224,4.166666666666667,165,29
56225,2.0833333333333335,69,14
56226,1.8333333333333333,69,14
56227,7.083333333333333,273,41
56228,7.333333333333333,273,41
56231,3.4166666666666665,138,20
56232,3.25,138,22
56237,3.3333333333333335,138,22
56238,3.3333333333333335,138,21
56241,5.416666666666667,220,22
56242,5.583333333333333,219,22
56261,10.75,290,43
56262,8.5,290,41
56263,4.333333333333332,138,17
56264,4.083333333333332,138,17
56265,3.9166666666666665,167,21
56266,3.9166666666666665,167,21
56267,4.416666666666667,167,21
56268,4.166666666666667,167,21
56269,6.166666666666667,275,16
56270,6.333333333333333,275,16
56271,3.1666666666666665,114,11
56272,2.8333333333333335,114,11
56273,8.25,305,36
56274,7.25,303,36
56275,9.25,372,32
56276,9.083333333333334,372,31
56277,6.583333333333333,244,20
56278,6.75,244,20
56281,5.25,198,27
56282,5.083333333333333,198,27
56300,2.1666666666666665,84,14
56301,2.0,85,14
56302,1.5833333333333333,56,12
56303,1.5833333333333333,56,12
56304,7.5,231,44
56305,2.6666666666666665,96,14
56307,2.0833333333333335,64,18
56308,2.0,64,18
56309,1.8333333333333333,64,18
56310,2.0,71,14
56311,2.0,72,14
56313,1.8333333333333333,72,14
56315,2.0,72,14
56316,1.9166666666666667,71,14
56317,2.75,78,16
56318,2.4166666666666665,77,16
56319,13.666666666666666,531,39
56320,13.0,532,46
56323,11.333333333333334,404,54
56324,12.0,404,54
56331,1.3333333333333333,44,10
56332,1.4166666666666667,44,10
56333,2.0,52,11
56334,1.8333333333333333,52,11
56335,1.9166666666666667,52,11
56336,1.75,52,11
56337,1.4166666666666667,44,10
56338,1.4166666666666667,44,10
56361,3.1666666666666665,107,22
56362,5.583333333333333,173,33
56363,5.166666666666667,173,33
56364,3.5,107,22
56365,9.416666666666666,302,43
56366,10.583333333333334,302,43
56370,2.6666666666666665,96,18
56371,2.5833333333333335,96,17
56373,0.5,22,3
56374,0.5833333333333334,22,3
56375,2.9166666666666665,96,18
56376,2.75,96,17
56377,1.0833333333333333,43,8
56378,1.0833333333333333,43,6
56379,1.75,56,12
56380,2.5833333333333335,100,19
56381,2.4166666666666665,100,11
56382,2.4166666666666665,100,12
56383,2.9166666666666665,100,19
56384,1.5833333333333333,56,12
56385,1.75,58,12
56386,1.75,59,9
56387,2.9166666666666665,114,14
56388,2.9166666666666665,114,17
56389,1.8333333333333333,58,10
56390,1.8333333333333333,59,9
56391,4.333333333333333,155,25
56392,4.583333333333333,155,25
56393,2.5833333333333335,96,14
56394,2.5,95,14
56501,22.416666666666668,693,66
56502,19.666666666666668,691,68
56503,22.583333333333332,747,78
56504,20.5,749,79
56505,0.5833333333333334,17,6
56506,0.5833333333333334,16,6
56507,3.0833333333333335,84,17
56508,2.5833333333333335,85,17
56509,3.0,84,17
56510,2.5,85,17
56511,0.5833333333333334,17,6
56512,0.5833333333333334,16,6
56513,15.333333333333334,568,57
56514,15.25,567,58
56515,13.0,470,63
56516,13.166666666666666,469,63
56517,2.5,93,13
56518,2.5833333333333335,93,12
56519,1.25,33,5
56520,1.0,33,5
56600,2.3333333333333335,85,16
56601,2.25,85,16
56602,5.916666666666667,175,35
56603,6.333333333333333,207,41
56604,2.8333333333333335,98,14
56605,4.083333333333333,131,20
56610,3.6666666666666665,110,19
56611,2.75,109,19
56612,1.6666666666666667,66,12
56613,1.5833333333333333,66,12
56614,1.5833333333333333,66,12
56616,1.6666666666666667,66,12
56617,1.5833333333333333,66,12
56619,1.5833333333333333,66,12
56620,1.6666666666666667,66,12
56621,1.6666666666666667,66,12
56640,6.833333333333333,326,30
56641,7.916666666666667,324,30
56642,1.5,49,5
56643,1.4166666666666667,48,5
56644,1.5,49,4
56645,1.3333333333333333,48,4
56646,2.6666666666666665,91,11
56647,2.3333333333333335,90,11
56650,7.75,273,40
56651,7.416666666666667,273,40
56652,2.75,89,20
56653,2.4166666666666665,89,20
56654,6.0,220,40
56655,3.3333333333333335,131,22
56656,3.4166666666666665,131,23
56657,2.25,89,20
56659,1.1666666666666667,48,11
56661,2.1666666666666665,83,13
56663,3.8333333333333335,118,22
56664,3.4166666666666665,119,22
56665,5.25,182,20
56666,5.083333333333333,179,20
56700,11.833333333333334,410,46
56701,14.916666666666666,409,49
56703,2.4166666666666665,93,12
56704,2.25,94,11
56705,9.166666666666666,333,43
56706,8.416666666666666,334,42
56707,1.3333333333333333,62,8
56708,1.5,62,8
56709,3.4166666666666665,120,12
56710,2.9166666666666665,120,12
56711,5.0,145,26
56714,5.083333333333333,145,18
56715,5.833333333333333,196,19
56716,5.583333333333333,188,19
56717,2.4166666666666665,88,9
56718,1.9166666666666667,73,8
56719,0.3333333333333333,15,2
56721,3.9166666666666665,161,17
56722,3.8333333333333335,161,17
56723,3.6666666666666665,161,17
56724,3.8333333333333335,161,17
56725,4.5,161,17
56726,4.0,161,17
56731,3.5,173,14
56732,3.75,173,14
56733,3.6666666666666665,173,14
56734,3.75,173,14
56735,4.166666666666667,173,14
56736,3.9166666666666665,173,14
56741,2.8333333333333335,59,10
56742,2.0833333333333335,60,10
56761,1.75,61,12
56762,1.75,61,12
56763,1.5,61,12
56764,1.5833333333333333,61,12
56765,1.9166666666666667,61,12
56766,1.75,61,12
56767,4.416666666666667,121,20
56768,4.166666666666667,121,20
56769,11.5,459,43
56770,11.333333333333334,458,43
56796,2.0833333333333335,72,17
56797,2.5833333333333335,78,18
56798,3.0,78,18
56799,2.25,72,17
56800,2.25,72,17
56801,2.3333333333333335,72,17
56802,2.25,72,17
56803,2.6666666666666665,72,17
56811,3.5,120,25
56812,3.25,120,25
56819,1.1666666666666667,39,10
56820,1.3333333333333333,39,10
56821,4.916666666666667,214,20
56822,5.166666666666667,214,20
56823,3.6666666666666665,120,24
56824,3.5833333333333335,120,24
56825,9.583333333333334,358,28
56826,9.166666666666666,358,28
56829,6.083333333333333,263,25
56830,6.5,264,25
56839,4.416666666666667,178,23
56840,6.083333333333333,180,23
56841,4.333333333333333,141,25
56842,3.6666666666666665,141,25
56843,3.8333333333333335,141,22
56844,3.75,141,22
56845,5.083333333333333,178,23
56846,5.166666666666667,180,23
56859,3.0,133,11
56860,3.0833333333333335,133,11
56861,0.8333333333333334,37,5
56862,0.75,37,5
56863,0.8333333333333334,37,5
56864,0.9166666666666666,37,5
56865,0.75,37,5
56866,0.8333333333333334,37,5
56871,1.0833333333333333,38,6
56872,1.0833333333333333,38,6
56873,3.25,121,22
56874,3.5,121,22
56875,3.1666666666666665,121,22
56876,3.0,121,22
56877,3.25,121,22
56878,3.0833333333333335,121,22
56879,1.0,38,6
56880,1.0,38,6
56881,4.333333333333333,160,14
56882,7.833333333333333,264,30
56883,4.5,160,14
56884,7.083333333333333,264,27
56885,7.166666666666667,264,27
56886,4.166666666666667,160,15
56889,2.75,104,13
56902,0.8333333333333334,20,5
56903,9.5,378,33
56904,9.833333333333334,377,34
56905,9.25,357,40
56906,9.666666666666666,356,40
56907,0.6666666666666666,20,5
56909,13.416666666666666,516,36
56910,15.25,516,35
56911,4.833333333333333,191,19
56912,5.166666666666667,189,19
56913,12.25,470,44
56914,12.0,468,44
56915,4.916666666666667,191,22
56916,5.0,189,22
56917,1.4166666666666667,62,5
56918,1.3,62,5
56921,3.5,141,12
56922,3.6666666666666665,141,10
56925,1.3333333333333333,69,7
56926,1.6666666666666667,69,6
56961,1.8333333333333333,61,11
56962,1.5,58,11
56963,1.75,61,12
56964,1.8333333333333333,58,12
56965,1.75,61,12
56966,1.6666666666666667,58,12
57121,5.5,243,26
57122,4.75,191,21
57123,9.0,332,39
57124,10.25,381,44
57129,14.25,455,63
57130,15.416666666666666,445,53
57131,1.1666666666666667,22,12
57133,9.75,366,42
57134,10.5,366,38
57135,12.5,450,47
57136,14.166666666666666,453,48
57145,1.3333333333333333,56,8
57146,1.3333333333333333,56,8
57155,7.083333333333333,223,29
57156,5.75,223,29
57225,10.583333333333334,350,58
57226,9.25,350,55
57229,11.666666666666666,372,35
57230,12.166666666666666,371,36
57231,5.083333333333333,217,27
57232,5.75,217,27
57237,5.25,225,28
57238,6.083333333333333,226,29
57239,6.333333333333333,137,21
57240,7.333333333333333,209,31
57241,5.25,220,35
57242,5.5,220,35
57255,5.25,168,23
57256,4.5,168,23
57257,19.666666666666668,602,92
57258,19.75,603,90
57264,1.0833333333333321,29,7
57265,1.25,29,7
57271,17.416666666666668,535,68
57272,17.75,535,71
57273,15.75,578,59
57274,15.166666666666666,577,60
57277,6.75,292,45
57278,5.25,220,34
57305,18.083333333333332,622,78
57306,16.25,622,56
57307,1.4166666666666667,32,18
57308,1.5,32,18
57317,3.75,130,17
57320,3.25,130,17
57323,1.0,35,4
57324,1.0,35,4
57325,17.333333333333332,622,77
57326,18.0,622,79
57327,8.833333333333334,333,36
57328,9.25,333,36
57329,12.0,379,49
57330,10.833333333333334,380,49
57381,6.083333333333333,171,31
57382,5.583333333333333,171,26
57401,2.75,104,13
57402,3.5833333333333335,104,13
57403,2.8333333333333335,104,14
57404,2.9166666666666665,104,14
57405,3.0,104,13
57406,3.9166666666666665,104,13
57411,2.25,83,7
57412,1.5833333333333333,83,7
57425,9.666666666666666,358,50
57426,10.083333333333334,356,49
57429,2.6666666666666665,92,12
57430,2.3333333333333335,93,12
57435,6.083333333333333,236,24
57436,5.833333333333333,236,41
57447,2.5833333333333335,105,15
57448,6.083333333333333,182,43
57451,7.25,234,22
57452,6.083333333333333,234,22
57456,2.4166666666666665,105,20
57473,6.75,191,40
57474,8.833333333333334,297,62
57475,12.0,370,39
57476,10.083333333333334,370,40
57477,13.5,473,42
57478,15.916666666666666,474,42
57486,2.8333333333333335,77,27
57501,1.0,26,5
57502,3.5,114,16
57503,3.5,114,16
57504,1.0833333333333333,26,5
57512,2.0833333333333335,58,8
57515,15.416666666666666,581,57
57516,15.083333333333334,581,58
57517,2.75,115,15
57518,2.9166666666666665,114,15
57521,2.75,92,11
57522,2.75,92,11
57539,8.416666666666666,298,36
57540,7.916666666666667,299,36
57541,10.0,325,34
57542,9.916666666666666,347,36
57547,13.166666666666666,435,48
57548,12.583333333333334,435,47
57549,16.666666666666668,583,59
57550,15.5,583,57
57551,5.416666666666667,223,30
57552,5.5,225,30
57553,8.416666666666666,316,41
57554,9.25,317,41
57557,3.8333333333333335,110,16
57558,2.8333333333333335,110,16
57561,18.166666666666668,623,88
57562,17.416666666666668,620,87
57563,10.583333333333334,340,45
57564,8.25,279,29
57581,4.833333333333333,206,26
57582,5.5,206,26
57583,6.25,206,26
57584,5.0,206,26
57590,1.0833333333333321,19,3
57593,7.166666666666667,243,36
57594,7.25,243,36
57601,4.583333333333333,165,23
57602,4.166666666666667,165,21
57605,2.1666666666666665,72,11
57606,2.8333333333333335,79,12
57625,9.833333333333334,341,37
57626,9.666666666666666,341,37
57628,3.3333333333333335,112,15
57631,9.166666666666666,377,37
57632,6.166666666666667,265,31
57641,7.833333333333333,299,37
57642,7.5,299,25
57649,0.8333333333333334,36,5
57650,4.0,149,19
57651,9.333333333333334,341,40
57652,10.0,341,40
57657,5.583333333333333,209,23
57658,5.416666666666667,209,23
57659,9.333333333333334,347,52
57660,7.666666666666667,235,38
57685,2.6666666666666665,108,10
57686,2.5833333333333335,108,8
57687,4.083333333333333,165,14
57688,4.833333333333333,165,11
57689,4.416666666666667,165,12
57690,4.083333333333333,165,16
58001,15.416666666666666,526,91
58002,16.0,518,90
58003,7.083333333333333,299,38
58004,6.916666666666667,298,39
58005,7.583333333333333,366,32
58006,7.5,366,32
58007,4.416666666666667,182,28
58008,4.0,182,28
58009,6.333333333333333,226,36
58010,5.416666666666667,226,36
58011,10.25,442,45
58012,11.166666666666666,441,45
58013,2.9166666666666665,82,12
58014,2.4166666666666665,82,12
58015,5.583333333333333,284,28
58016,5.666666666666667,284,28
58017,5.833333333333333,209,31
58018,5.333333333333333,210,31
58019,1.4166666666666667,41,9
58020,1.25,41,9
58021,3.9166666666666665,137,18
58022,2.8333333333333335,137,19
58023,6.0,161,26
58024,6.0,162,26
58025,10.833333333333334,339,44
58026,8.916666666666666,336,44
58029,1.9166666666666667,62,10
58030,1.4166666666666667,62,10
58031,1.5,69,9
58032,1.4166666666666667,69,9
58033,3.3333333333333335,117,15
58034,3.1666666666666665,114,15
58103,4.166666666666667,148,18
58104,4.583333333333333,148,18
58109,4.0,147,19
58110,5.75,147,19
58111,0.08333333333333333,885,102
58112,2.833333333333332,883,109
58113,13.166666666666666,470,60
58114,14.5,469,61
58117,14.083333333333334,503,65
58118,13.916666666666666,496,64
58131,15.5,520,78
58132,16.0,526,78
58133,2.3333333333333335,101,15
58134,3.0833333333333335,101,15
58135,1.2833333333333334,48,9
58136,1.5,48,9
58137,1.3666666666666667,48,9
58138,1.3333333333333333,48,9
58143,6.0,175,26
58151,3.25,96,12
58152,3.25,96,12
58161,7.583333333333333,261,35
58162,7.666666666666667,261,34
58163,7.25,272,23
58164,5.966666666666667,269,23
58201,2.6666666666666665,112,15
58202,3.0833333333333335,111,15
58203,5.083333333333333,209,29
58204,5.583333333333333,209,29
58205,7.583333333333333,310,42
58206,10.0,302,43
58207,8.166666666666666,305,30
58208,8.333333333333334,305,30
58209,2.5833333333333335,96,12
58210,2.8333333333333335,97,15
58212,2.6666666666666665,97,15
58213,13.333333333333334,431,48
58214,12.0,433,48
58217,5.0,204,13
58218,5.416666666666667,204,14
58219,8.833333333333334,237,29
58220,9.0,237,29
58221,5.416666666666667,214,20
58222,5.416666666666667,213,20
58223,4.583333333333333,143,15
58224,4.5,174,20
58227,2.25,64,9
58301,15.25,494,41
58302,15.0,494,41
58303,2.0833333333333335,54,6
58304,1.5,54,6
58401,1.8333333333333333,82,14
58402,1.8333333333333333,82,14
58403,1.5,43,11
58404,1.25,43,11
58405,1.5833333333333333,82,11
58406,1.75,82,11
58408,3.5833333333333335,142,30
58409,1.25,43,11
58410,1.25,43,11
58411,4.333333333333333,165,27
58412,3.8333333333333335,165,27
58413,6.166666666666667,202,42
58414,5.75,202,43
58415,2.8333333333333335,90,21
58416,3.0833333333333335,90,21
58417,12.666666666666666,380,59
58418,11.333333333333334,380,59
58419,6.333333333333332,239,36
58420,5.666666666666667,239,36
58421,5.666666666666667,196,30
58422,5.416666666666667,196,30
58423,3.25,115,23
58424,3.4166666666666665,115,23
58425,5.166666666666667,214,22
58426,5.083333333333333,214,22
58427,2.9166666666666665,88,9
58428,3.833333333333332,88,8
58429,1.75,65,7
58430,1.75,65,7
58431,1.5833333333333333,65,7
58432,1.75,65,7
58433,3.9166666666666665,192,18
58434,3.75,192,17
58435,3.0,115,23
58436,3.5833333333333335,115,23
58501,13.916666666666666,471,53
58502,13.916666666666666,471,53
58503,4.333333333333333,184,25
58504,4.083333333333333,184,25
58505,8.75,267,28
58506,6.75,267,28
58525,5.916666666666667,202,27
58526,5.666666666666667,202,26
58527,16.083333333333332,528,56
58528,16.583333333333332,528,56
58529,17.416666666666668,570,64
58530,15.75,571,64
58531,4.583333333333333,202,27
58532,4.916666666666667,202,27
58533,7.416666666666667,266,43
58534,6.416666666666667,266,43
58535,1.8333333333333333,82,14
58536,1.8333333333333333,82,14
58537,9.916666666666666,357,39
58538,9.25,357,39
58601,3.8333333333333335,168,22
58602,4.916666666666667,168,22
58603,7.75,248,40
58604,7.333333333333333,249,40
58621,5.25,157,22
58622,6.416666666666667,157,22
58651,1.5,66,10
58652,1.5,67,10
58653,2.5833333333333335,110,12
58654,2.5833333333333335,111,12
58655,1.5,66,10
58656,1.5,67,10
58657,1.5,66,10
58658,1.3333333333333333,67,7
58659,5.5,160,21
58660,6.0,160,21
58661,6.25,222,29
58662,6.333333333333333,219,29
58701,5.75,215,24
58702,5.666666666666667,215,24
58711,2.3333333333333335,51,8
58712,2.1666666666666665,50,8
58713,2.4166666666666665,51,8
58714,2.1666666666666665,50,8
58715,2.4166666666666665,51,8
58716,2.1666666666666665,50,8
58717,1.25,22,4
58718,1.1666666666666667,22,4
58719,0.8333333333333334,17,3
58720,0.8333333333333334,16,3
58721,0.8333333333333334,17,3
58722,0.8333333333333334,16,3
58801,6.25,249,28
58802,6.75,249,28
58803,6.333333333333333,249,28
58804,5.75,249,28
58805,6.083333333333333,238,27
58806,2.5,103,14
58808,2.5833333333333335,135,14
58809,1.25,38,7
58810,1.5,42,8
58811,1.75,43,8
58812,1.3333333333333333,38,7
58813,1.6666666666666667,38,7
58814,1.25,38,7
58815,4.0,123,20
58816,3.5,124,20
58817,1.5833333333333333,47,9
58818,1.3333333333333333,46,9
58843,4.666666666666667,104,17
58844,4.25,104,17
58845,4.5,104,17
58846,4.5,104,17
58847,4.416666666666667,104,17
58848,4.25,104,17
58877,5.333333333333333,104,17
58878,5.25,104,17
59013,9.666666666666666,334,31
59014,9.75,335,31
59023,4.75,193,20
59024,4.416666666666667,193,21
59037,6.666666666666667,206,30
59038,5.666666666666667,206,31
59039,3.0833333333333335,138,18
59040,2.3333333333333335,114,14
59045,3.8333333333333335,158,20
59046,4.666666666666667,182,23
59048,1.75,68,13
59049,14.083333333333334,362,62
59050,12.916666666666666,362,62
59075,12.0,334,44
59076,11.0,335,44
59077,9.083333333333334,334,30
59078,10.333333333333334,335,31
59101,3.5,62,11
59102,3.4166666666666665,62,11
59103,3.5833333333333335,62,11
59104,3.4166666666666665,62,11
59117,2.5,99,18
59118,2.8333333333333335,105,19
59119,2.8333333333333335,105,19
59120,2.5,99,18
59121,2.8333333333333335,105,19
59122,2.9166666666666665,105,19
59151,3.3333333333333335,104,10
59152,3.3333333333333335,104,10
59153,3.5,104,10
59154,3.5,104,10
59161,3.25,105,20
59162,3.25,105,20
59163,1.0,13,3
59164,1.0833333333333333,13,3
59167,2.75,62,14
59168,2.75,62,14
59169,1.0,13,3
59170,1.0833333333333333,13,3
59201,1.3333333333333333,47,8
59202,1.4166666666666667,47,8
59203,3.9166666666666665,169,22
59204,3.9166666666666665,169,22
59205,2.5833333333333335,114,11
59206,2.25,108,11
59207,15.5,535,60
59208,14.916666666666666,535,59
59211,5.833333333333333,222,21
59212,6.583333333333333,216,21
59213,1.1666666666666667,52,8
59214,1.3333333333333333,52,7
59215,1.3333333333333333,52,7
59216,1.3333333333333333,52,8
59225,5.0,201,25
59226,5.083333333333333,201,25
59227,2.0833333333333335,91,12
59228,2.0833333333333335,91,12
59229,5.333333333333333,206,23
59230,5.166666666666668,206,24
59231,1.75,78,10
59232,1.9166666666666667,78,10
59233,4.333333333333333,169,20
59234,3.8333333333333335,169,20
59235,3.4166666666666665,152,22
59236,3.5833333333333335,152,22
59243,1.25,38,7
59244,1.25,38,7
59267,1.5,47,8
59268,1.3333333333333333,47,8
59269,1.3333333333333333,47,8
59270,1.3333333333333333,47,8
59271,4.333333333333333,169,18
59272,4.083333333333333,169,18
59295,1.3333333333333333,47,8
59296,1.3333333333333333,47,8
59297,5.75,236,23
59298,6.583333333333333,236,23
59306,2.25,78,10
59307,2.0833333333333335,78,10
59317,1.5833333333333333,54,8
59318,1.5,54,8
59319,5.166666666666667,183,25
59320,4.416666666666667,183,25
59341,11.833333333333334,428,44
59342,11.0,428,44
59345,1.0,44,6
59346,0.9166666666666666,44,6
59353,1.5,54,8
59354,1.5833333333333333,54,8
59355,16.75,585,65
59356,16.25,585,65
59357,2.9166666666666665,86,16
59358,3.25,86,16
59359,1.9166666666666667,75,9
59360,2.0,75,9
59379,2.0833333333333335,74,7
59380,1.8333333333333333,74,7
59385,15.5,553,49
59386,16.166666666666668,553,48
59387,4.25,133,17
59388,4.666666666666667,133,17
59393,10.166666666666666,397,50
59394,10.833333333333334,398,50
59395,6.416666666666667,133,13
59396,5.083333333333333,137,15
59421,4.666666666666667,184,21
59422,5.166666666666667,189,22
59423,5.416666666666667,189,22
59424,4.666666666666667,184,21
59425,9.0,358,38
59426,8.666666666666666,358,38
59439,15.75,490,72
59440,15.833333333333334,490,66
59441,16.25,490,74
59442,15.916666666666666,490,74
59473,3.6666666666666665,111,15
59474,3.9166666666666665,111,15
59475,0.9166666666666666,40,6
59476,1.0833333333333333,40,6
59477,0.9166666666666666,40,6
59478,0.9166666666666666,40,6
59481,0.9166666666666666,40,6
59482,0.9166666666666666,40,6
59483,1.0833333333333333,40,6
59484,0.9166666666666666,40,6
59503,12.166666666666666,429,48
59504,14.0,429,48
59507,4.916666666666667,189,18
59508,5.0,189,18
59509,1.6666666666666667,64,8
59510,1.5833333333333333,64,8
59511,1.5833333333333333,64,8
59512,1.6666666666666667,64,8
59547,17.5,495,49
59548,16.0,495,45
59549,2.3333333333333335,99,8
59550,2.3333333333333335,99,8
59601,3.8333333333333335,139,19
59602,3.5,139,19
59603,10.166666666666666,306,39
59604,9.333333333333334,306,39
59605,2.8333333333333335,114,13
59606,3.0833333333333335,114,13
59607,1.0,31,5
59608,1.0,31,5
59705,15.0,563,55
59706,13.166666666666666,562,55
59707,1.9166666666666667,77,10
59708,1.75,66,9
59709,2.0833333333333335,66,10
59710,2.0,77,11
59711,3.6666666666666665,142,17
59712,3.6666666666666665,143,17
59713,1.25,54,10
59714,1.5833333333333333,54,10
59715,5.0,215,28
59716,5.25,215,28
59717,5.25,215,28
59718,5.25,215,28
59719,5.0,215,28
59720,5.333333333333333,215,28
59721,8.333333333333334,367,42
59722,8.5,367,42
59727,5.916666666666667,213,25
59728,5.0,213,17
59729,5.583333333333332,213,17
59730,5.166666666666667,213,25
59731,1.8333333333333333,66,10
59732,1.75,66,10
59733,1.75,66,9
59734,1.8333333333333333,66,9
59735,1.0,47,4
59736,1.0,47,4
59803,6.416666666666667,265,24
59804,7.0,265,24
59805,6.25,268,23
59806,6.416666666666667,268,22
59811,21.416666666666668,688,71
59812,20.916666666666668,691,71
59813,10.333333333333334,330,42
59814,9.5,328,41
59821,16.583333333333332,499,42
59822,15.583333333333334,499,47
59823,2.5,87,14
59824,2.5,87,14
59825,2.4166666666666665,87,14
59826,2.5833333333333335,87,14
59827,1.0833333333333333,36,3
59828,1.0,36,3
59831,15.083333333333334,527,64
59832,15.416666666666666,527,63
59833,7.166666666666668,227,15
59834,6.25,227,15
59835,4.916666666666667,169,20
59836,5.833333333333333,169,20
59837,2.4166666666666665,85,11
59838,2.3333333333333335,85,11
59839,2.25,85,11
59840,2.3333333333333335,85,11
61631,3.3333333333333335,138,16
61632,3.3333333333333335,138,16
63105,4.75,230,31
63108,5.45,229,34
63141,6.0,228,30
63142,5.416666666666667,228,36
63151,0.3333333333333333,6,3
63153,0.3333333333333333,6,3
63154,0.3333333333333333,6,3
63155,0.3333333333333333,6,3
63156,0.3333333333333333,6,3
63157,0.3333333333333333,6,3
63158,0.3333333333333333,6,3
63159,0.3333333333333333,6,3
63160,0.3333333333333333,6,3
63161,0.3333333333333333,6,3
63162,0.3333333333333333,6,3
63163,0.3333333333333333,6,3
63164,0.3333333333333333,6,3
63165,0.3333333333333333,6,3
63166,0.3333333333333333,6,3
63167,0.25,6,2
63168,0.25,6,2
63169,0.25,6,3
63203,1.75,34,8
63204,1.8333333333333333,34,8
63205,4.833333333333333,123,25
63206,5.833333333333332,123,22
63207,7.166666666666667,177,30
63208,7.25,221,34
63209,6.833333333333333,177,29
63210,6.25,177,30
63211,8.833333333333334,221,34
63212,6.083333333333333,177,29
63213,1.5833333333333333,49,11
63214,1.5,49,13
63217,3.6666666666666665,98,18
63218,3.5833333333333335,98,18
63219,2.5,75,14
63220,3.3333333333333335,85,17
63221,2.25,89,7
63222,2.5,89,7
63223,2.0833333333333335,49,10
63224,1.5,49,10
63225,7.166666666666667,207,34
63226,7.416666666666667,225,39
63227,7.25,207,37
63228,7.916666666666667,207,31
63231,7.916666666666668,207,33
63232,4.333333333333333,117,18
63233,8.083333333333334,225,35
63234,9.583333333333334,207,29
63235,2.5833333333333335,89,11
63237,4.666666666666667,152,21
63238,4.5,152,20
63240,3.916666666666668,89,11
63241,3.0833333333333335,94,26
63242,3.0,91,13
63243,3.0,94,26
63244,3.0,94,26
63245,3.0,91,17
63246,3.0,91,17
63247,3.0,91,13
63248,2.8333333333333335,94,26
63249,2.75,91,16
63250,2.5833333333333335,85,14
63251,3.0,91,18
63252,2.6666666666666665,91,17
63253,3.0,91,15
63254,2.75,94,24
63255,3.0,91,13
63256,3.0,91,13
63257,3.0,94,26
63258,3.0,94,26
63259,3.083333333333332,91,18
63260,3.0,94,21
63261,7.5,139,27
63262,5.333333333333333,139,24
63263,4.25,117,20
63264,9.666666666666666,207,31
63271,3.6666666666666665,89,15
63272,4.666666666666667,89,15
63273,1.25,20,6
63274,1.1666666666666667,18,7
63275,1.25,20,6
63276,1.0833333333333333,18,7
63279,2.9166666666666665,93,20
63280,6.25,120,25
63283,4.75,120,25
63284,4.25,120,25
63285,4.75,120,24
63286,3.0833333333333335,93,20
63289,2.0833333333333335,85,14
63290,2.0833333333333335,85,14
63291,2.0833333333333335,85,14
63292,2.316666666666667,85,14
63293,2.75,118,18
63294,2.183333333333333,118,18
63295,5.5,203,28
63296,6.25,203,28
63501,1.8333333333333333,106,3
63502,2.283333333333335,106,34
63505,1.9166666666666667,104,14
63506,1.75,105,14
63507,1.8333333333333333,104,14
63508,1.8333333333333333,105,14
63509,1.75,104,14
63510,1.7666666666666666,105,14
63511,1.9166666666666667,104,14
63512,1.9333333333333333,105,14
63513,1.8333333333333333,104,14
63514,1.8333333333333333,105,14
63515,1.8333333333333333,104,14
63516,2.0,105,14
63517,1.8333333333333333,104,14
63518,1.8333333333333333,105,14
63519,1.9166666666666667,104,14
63520,1.9166666666666667,105,14
63521,1.8333333333333333,104,14
63522,1.9166666666666667,105,14
63523,1.9166666666666667,104,14
63524,1.8333333333333333,105,14
63525,1.9166666666666667,104,14
63526,2.0,105,14
63527,0.7166666666666667,42,6
63528,0.75,42,6
63529,2.4166666666666665,100,18
63530,2.4166666666666665,101,17
63531,1.8333333333333333,72,14
63532,1.8333333333333333,73,14
63533,1.8333333333333333,72,14
63534,1.8333333333333333,73,14
63535,1.8333333333333333,72,13
63536,1.8333333333333333,73,14
63537,1.8333333333333333,72,14
63538,1.8333333333333333,73,14
63541,2.0,88,18
63542,2.0,88,18
63543,2.0833333333333335,88,18
63544,2.3333333333333335,88,17
63545,1.3333333333333333,58,13
63546,1.3333333333333333,58,12
63547,1.9,74,15
63548,1.75,76,14
63549,3.216666666666667,124,22
63550,2.4166666666666665,122,23
63551,1.3333333333333321,58,13
63552,1.55,58,13
63553,14.916666666666666,479,83
63554,16.083333333333332,479,83
63561,2.0833333333333335,110,16
63562,2.6666666666666665,116,16
63563,2.1666666666666665,110,16
63564,2.1666666666666665,110,16
63565,0.9166666666666666,43,5
63566,1.0,43,5
63567,3.3333333333333335,154,20
63568,3.25,154,20
63569,2.25,110,14
63570,2.6666666666666665,116,16
63571,4.583333333333332,131,20
63572,4.166666666666667,131,20
63573,2.1666666666666665,97,13
63574,2.5833333333333335,97,13
63581,2.5,111,19
63582,2.45,111,19
63583,2.5833333333333335,111,19
63584,2.5,111,19
63591,3.1666666666666665,137,21
63592,4.0,137,21
63593,2.6666666666666665,80,15
63594,2.216666666666667,80,15
63595,5.166666666666667,193,26
63596,5.166666666666667,193,26
63597,5.166666666666667,198,29
63598,6.333333333333333,200,29
64001,2.25,88,18
64002,2.3,88,18
64003,1.1666666666666667,44,10
64004,1.9166666666666667,56,14
64011,2.0833333333333335,65,16
64012,2.0833333333333335,65,16
64013,2.0833333333333335,65,16
64014,2.3333333333333335,65,16
64015,2.0833333333333335,65,16
64016,2.4166666666666665,65,16
64017,2.1666666666666665,65,16
64018,0.6166666666666667,11,6
64019,2.666666666666668,65,15
64031,1.5,36,13
64032,1.4166666666666667,36,12
64034,1.4166666666666667,36,12
64036,1.4166666666666679,36,10
64051,2.666666666666668,77,16
64052,2.5833333333333335,77,17
64053,2.3333333333333335,79,17
64055,2.75,79,18
64057,2.5833333333333335,77,17
64061,1.8333333333333333,57,13
64062,1.9166666666666667,57,13
64064,1.6666666666666667,57,13
64071,1.5833333333333333,44,14
64073,2.4166666666666665,94,16
64074,2.0833333333333335,96,16
64075,1.5833333333333333,53,11
64076,1.3333333333333333,53,11
64077,1.5833333333333333,53,11
64078,1.5,53,11
64080,1.4166666666666667,53,11
64082,1.5,53,11
64084,1.3333333333333333,53,11
64087,1.1333333333333333,28,17
64088,0.45,7,4
64089,1.6666666666666667,35,21
64090,1.6666666666666667,35,21
64091,1.75,43,23
64092,1.75,35,21
64093,0.8,25,14
64094,0.7166666666666667,25,14
64095,1.1666666666666667,32,18
64096,0.8333333333333334,25,14
64097,0.5833333333333334,11,6
64098,0.8,25,14
64101,3.25,125,21
64102,3.0833333333333335,125,21
64103,3.0,125,21
64104,1.5833333333333333,54,10
64105,3.1666666666666665,131,24
64106,2.3333333333333335,82,15
64107,1.5833333333333333,54,10
64108,2.5,82,15
64109,2.3333333333333335,71,18
64110,3.0833333333333335,131,24
64111,3.0,92,19
64112,2.5,64,14
64113,2.75,99,22
64114,3.0,131,24
64151,2.9166666666666665,125,21
64152,3.1666666666666665,125,21
64153,3.0,139,16
64154,1.4166666666666667,78,11
64155,2.25,86,11
64156,3.0,139,16
64157,3.6666666666666665,114,16
64158,1.5,86,11
64159,1.6666666666666667,83,10
64160,3.75,115,18
64161,2.3333333333333335,106,13
64162,1.6666666666666667,83,12
64163,0.4166666666666667,12,3
64164,1.9166666666666667,106,13
64165,2.0,78,11
64167,6.083333333333333,185,32
64168,5.166666666666667,185,32
64201,1.75,73,13
64202,2.0,73,13
64203,1.6666666666666667,73,13
64204,1.9166666666666667,73,13
64205,1.6666666666666667,73,13
64206,1.75,73,13
64207,1.6666666666666667,73,13
64208,1.75,73,13
64209,2.25,73,14
64210,1.6666666666666667,73,13
64211,1.6666666666666667,73,13
64212,1.6666666666666667,73,13
64213,1.75,73,13
64214,2.1666666666666665,85,16
64216,2.3333333333333335,85,16
64221,5.166666666666668,164,22
64222,4.75,164,22
64231,1.0,28,5
64232,1.0833333333333333,28,5
64234,0.8333333333333334,28,5
64235,3.3333333333333335,101,17
64236,2.5833333333333335,101,17
64251,1.5,73,13
64252,1.75,73,13
64253,2.3333333333333335,84,16
64254,1.8333333333333321,73,13
64255,2.4166666666666665,84,16
64257,1.75,73,13
64260,2.3333333333333335,86,15
64271,1.5,36,10
64272,1.3333333333333333,36,10
64273,1.5833333333333333,36,10
64274,1.5,36,10
64275,1.8333333333333333,36,10
64281,3.5,139,18
64282,4.333333333333333,139,18
64401,0.75,19,5
64402,0.8333333333333334,19,5
64403,0.75,19,5
64404,1.0,19,5
64406,0.8333333333333334,19,5
64407,0.75,19,5
64408,0.8333333333333334,19,5
64409,1.0833333333333333,23,7
64410,0.8333333333333334,25,8
64411,1.0,21,8
64412,0.75,19,5
64414,0.8333333333333334,19,5
64415,0.75,25,6
64417,1.25,28,10
64418,1.25,28,10
64419,1.4166666666666667,30,10
64420,1.4166666666666667,30,9
64421,0.75,25,6
64422,0.8333333333333334,25,6
64423,0.75,25,7
64424,0.75,25,7
64425,0.8333333333333334,25,8
64426,1.0,25,8
64427,0.8333333333333334,25,8
64428,0.9166666666666666,25,7
64429,0.8333333333333334,25,8
64430,0.8333333333333334,25,7
64431,0.8333333333333334,25,7
64432,0.8333333333333334,25,7
64433,0.9166666666666666,25,8
64434,1.1666666666666667,28,10
64437,1.05,28,9
64439,1.1333333333333333,28,9
64441,0.8333333333333334,25,7
64443,1.5,28,10
64445,0.6666666666666666,19,5
64449,0.8333333333333334,25,8
64450,0.8333333333333334,25,8
64451,2.5833333333333335,88,18
64452,3.6666666666666665,155,28
64453,2.1666666666666665,88,18
64454,4.416666666666667,155,28
64461,4.25,164,32
64462,4.166666666666667,164,32
64463,3.3333333333333335,156,18
64464,2.3333333333333335,89,19
64465,3.9166666666666665,156,29
64466,2.916666666666668,89,19
64470,2.25,89,19
64471,3.25,114,26
64472,3.25,114,26
64481,2.8333333333333335,108,17
64482,0.9166666666666666,41,7
64483,1.0833333333333321,41,7
64491,1.5833333333333333,53,11
64492,1.5,53,11
64493,1.0833333333333333,46,8
64494,1.25,46,8
64496,2.25,89,14
64501,1.6666666666666667,81,13
64502,1.75,81,13
64504,1.6666666666666667,81,13
64511,5.833333333333333,238,32
64512,6.0,238,32
64513,5.916666666666667,238,32
64514,3.5833333333333335,157,20
64515,4.0,157,20
64516,4.333333333333333,157,20
64517,3.8333333333333335,157,20
64518,4.25,157,20
64521,2.4166666666666665,113,14
64522,2.4166666666666665,113,14
64523,2.9166666666666665,113,14
64524,2.3333333333333335,113,14
64531,2.1666666666666665,88,17
64532,2.6666666666666665,108,17
64533,2.25,88,18
64534,3.5,114,26
64536,2.6666666666666665,88,18
64541,2.5833333333333335,108,17
64542,2.3333333333333335,108,17
64543,2.8333333333333335,108,17
64545,1.25,41,7
64546,1.1666666666666667,41,7
64547,1.3333333333333333,41,7
64548,0.9166666666666666,41,7
64551,3.75,135,21
64552,4.25,135,19
64553,4.083333333333333,153,24
64554,4.75,153,24
64555,2.0,59,11
64556,2.0,59,11
64557,5.083333333333333,180,28
64558,4.5,180,28
64559,5.833333333333333,180,28
64560,4.583333333333333,180,28
64561,7.916666666666667,261,40
64562,8.833333333333334,261,40
64563,5.083333333333333,215,23
64564,6.666666666666667,215,23
64565,5.25,192,30
64566,5.25,192,30
64567,3.6333333333333333,103,20
64568,3.6666666666666665,103,20
64569,3.5,87,13
64570,2.25,89,13
64581,4.083333333333333,161,26
64582,4.0,161,26
64583,6.5,203,31
64584,5.25,203,32
64585,0.4166666666666667,5,2
64586,0.4166666666666667,5,2
64587,6.333333333333333,225,29
64588,6.333333333333333,225,29
64589,1.75,78,12
64590,2.0833333333333335,78,12
64591,5.0,194,31
64592,5.083333333333333,194,31
64593,2.0833333333333335,77,13
64594,2.5,77,13
64595,4.25,152,20
64596,3.75,152,20
64901,4.0,118,22
64902,3.4166666666666665,119,22
64903,4.583333333333333,158,27
64904,4.333333333333333,160,27
64905,3.3333333333333335,134,21
64906,2.8333333333333335,77,17
64908,1.75,44,14
64910,3.8333333333333335,148,26
64911,2.0833333333333335,71,17
64912,2.0833333333333335,71,17
64913,2.0,69,17
64914,2.25,69,17
64915,2.1666666666666665,69,17
64916,2.1666666666666665,69,17
64931,2.3333333333333335,69,17
64932,2.3333333333333335,69,17
64951,3.1666666666666665,83,15
64952,3.0833333333333335,83,15
64953,4.75,180,26
64955,1.75,28,8
64956,1.5833333333333333,28,8
64957,3.25,133,19
64958,2.8333333333333335,137,19
64959,2.9166666666666665,94,14
66000,0.75,21,7
66001,1.3333333333333333,41,11
66002,0.75,21,7
66003,0.75,20,7
66004,0.75,21,7
66005,0.75,20,7
66006,0.75,21,11
66007,0.75,20,7
66008,2.0833333333333335,68,14
66009,2.083333333333332,68,14
66010,2.0,68,14
66011,2.0,68,14
66012,1.3333333333333333,41,11
66013,1.5833333333333333,68,9
66014,2.5,77,11
66015,1.75,68,14
66016,1.9166666666666667,70,12
66017,3.4166666666666665,140,18
66018,3.5833333333333335,140,18
66019,5.166666666666667,202,27
66020,5.25,204,27
66021,1.4166666666666667,68,6
66022,1.8333333333333333,62,13
66025,2.25,82,16
66026,2.0,82,21
66027,2.1666666666666665,82,16
66028,2.0,82,21
66029,1.75,93,12
66030,1.75,93,12
66031,1.6666666666666667,93,12
66032,2.0,93,12
66033,3.3333333333333335,131,16
66034,3.4166666666666665,131,16
66035,2.1666666666666665,82,16
66036,2.1666666666666665,82,21
66037,1.9166666666666667,93,10
66038,2.3333333333333335,93,12
66039,2.0,78,12
66040,1.8333333333333333,68,14
66041,3.25,108,15
66042,2.9166666666666665,108,11
66043,2.6666666666666665,95,11
66044,2.3333333333333335,95,14
66045,1.5833333333333333,67,5
66046,1.3333333333333333,67,5
66047,3.25,148,14
66048,3.5833333333333335,146,15
66049,2.75,78,12
66050,2.0,77,12
66051,0.6666666666666666,20,7
66052,0.75,21,7
66053,1.5,42,12
66054,0.5,20,5
66300,4.25,155,25
66301,4.25,155,25
66302,3.5,140,25
66303,3.5,142,25
66304,4.666666666666667,151,32
66305,5.166666666666667,151,32
66307,4.0,155,25
66308,4.25,155,25
66309,3.6666666666666665,142,17
66310,3.583333333333332,140,17
66511,2.75,85,17
66512,2.5,86,16
66513,0.5833333333333334,17,6
66514,1.9166666666666667,73,15
66515,1.8333333333333333,74,14
66516,0.5,16,6
66517,0.5833333333333334,16,6
66518,0.5833333333333334,17,6
66519,2.9166666666666665,86,11
66520,2.25,87,11
66523,2.6666666666666665,98,16
66524,2.9166666666666665,98,16
66527,0.75,34,5
66528,0.75,34,5
66529,2.9166666666666665,102,16
66530,1.4166666666666667,68,12
66531,1.6666666666666667,68,12
66532,2.4166666666666665,85,17
66533,1.9166666666666667,73,14
66534,1.9166666666666667,92,13
66535,1.0833333333333333,44,8
66536,1.0833333333333333,44,9
66537,1.0833333333333333,44,9
66538,1.0833333333333333,44,9
66539,1.0833333333333333,44,9
66540,1.25,44,9
66541,0.6666666666666666,21,7
66542,0.9166666666666666,21,7
66543,2.5,102,17
66544,2.3333333333333335,102,16
66600,2.4166666666666665,100,15
66601,2.75,100,15
66602,3.9166666666666665,159,22
66603,4.166666666666667,159,22
66604,2.75,98,14
66605,2.75,98,14
66606,1.5833333333333333,58,8
66607,1.75,58,8
66608,4.583333333333333,158,22
66609,4.666666666666667,159,22
66611,4.083333333333333,149,28
66612,4.25,150,28
67247,3.4166666666666665,121,17
67248,2.5833333333333335,103,18
67249,2.9166666666666665,113,16
67250,3.0,113,16
67251,0.8333333333333334,31,7
67253,0.9166666666666666,31,7
67254,1.0,32,6
67255,0.75,25,5
67256,2.5833333333333335,106,20
67257,3.3333333333333335,106,20
67258,1.1666666666666667,25,5
67259,1.0833333333333333,32,6
67260,3.4166666666666665,138,27
67261,4.0,149,26
67262,3.8333333333333335,149,24
67263,3.6666666666666665,138,27
67264,4.083333333333333,163,18
67265,3.9166666666666665,163,18
67266,3.3333333333333335,143,17
67267,4.083333333333333,163,18
67269,2.0,104,12
67270,2.3333333333333335,104,12
67271,3.1666666666666665,121,16
67272,2.6666666666666665,122,18
67273,1.0,32,6
67274,1.0,32,6
67275,1.75,59,16
67276,1.9166666666666667,59,16
67277,2.75,96,21
67278,3.0,96,21
67279,3.1666666666666665,154,19
67280,3.4166666666666665,154,19
67282,2.5833333333333335,142,18
67291,1.25,60,10
67292,1.3333333333333333,60,10
67293,1.5833333333333333,60,10
67294,2.5,130,18
67295,1.75,79,15
67296,1.95,97,11
67297,3.75,138,25
67298,4.0,138,25
67299,4.833333333333333,149,27
67300,4.416666666666667,149,28
68001,2.8333333333333335,148,14
68003,3.8333333333333335,215,23
68004,4.283333333333333,214,23
68005,3.25,137,18
68006,3.0,137,19
68007,4.75,188,43
68008,2.6166666666666667,147,14
68009,1.25,62,9
68010,1.6666666666666667,62,9
68011,2.6666666666666665,137,18
68012,2.5833333333333335,137,18
68013,2.6666666666666665,137,19
68014,3.1666666666666665,137,18
68015,2.5,137,18
68016,2.6666666666666665,137,18
68017,7.583333333333333,238,39
68018,7.666666666666667,238,39
68019,7.083333333333333,284,40
68020,6.083333333333333,284,41
68021,2.6666666666666665,120,18
68022,2.6666666666666665,120,18
68023,4.666666666666667,188,27
68024,4.083333333333333,189,27
68047,0.8333333333333334,40,6
68048,0.9166666666666666,40,6
68053,1.5,71,11
68054,1.4166666666666667,70,11
68055,5.083333333333333,171,29
68056,4.583333333333333,170,29
68057,0.8333333333333334,39,7
68058,0.9166666666666666,39,7
68059,2.9166666666666665,112,19
68060,3.3333333333333335,112,19
68063,1.0833333333333333,41,9
68069,1.0833333333333333,41,9
68070,1.0,41,9
68071,2.3333333333333335,70,16
68072,1.0833333333333333,40,9
68073,0.4166666666666667,11,5
68074,1.5,40,12
68075,0.5833333333333334,29,5
68076,0.6666666666666666,29,5
68077,1.25,40,9
68078,1.0833333333333333,40,9
68079,1.5,37,7
68080,1.75,37,7
68081,0.9166666666666666,53,8
68082,1.5833333333333333,84,13
68088,3.8333333333333335,121,19
68089,2.6666666666666665,155,20
68090,3.0,155,20
68091,1.3833333333333333,51,9
68092,1.3333333333333333,51,7
68093,1.5,51,10
68094,1.5833333333333333,51,10
68097,1.8333333333333333,108,15
68098,1.9166666666666667,108,15
68643,0.25,8,2
68644,0.25,8,2
68645,0.2,8,2
68646,0.25,8,2
68685,3.1166666666666667,130,22
68686,2.4166666666666665,117,18
68688,2.5833333333333335,117,18
68689,2.55,117,18
68690,2.8833333333333333,130,22
68701,0.9166666666666666,48,10
68702,0.9166666666666666,41,11
68703,0.9166666666666666,48,10
68704,1.0,41,11
68705,2.1666666666666665,109,18
68706,6.583333333333333,214,33
68707,1.0,48,10
68708,1.0,34,11
68709,2.25,109,18
68710,2.25,102,19
68711,1.5,73,9
68712,1.4166666666666667,73,9
68713,2.6666666666666665,127,17
68714,3.25,126,17
68715,2.5,127,17
68716,2.75,126,17
68717,0.9166666666666666,48,10
68718,0.8333333333333334,41,7
68719,2.3333333333333335,112,15
68721,2.3333333333333335,109,18
68723,1.75,73,9
68724,4.333333333333333,175,27
68725,1.0,48,10
68726,1.0833333333333333,41,10
68727,2.4166666666666665,112,15
68728,2.1666666666666665,111,15
68729,2.0833333333333335,109,18
68730,2.5,102,19
68731,2.25,97,15
68732,2.25,97,15
68733,2.3333333333333335,97,15
68734,2.25,97,15
68735,2.5,135,18
68736,2.5,135,17
68737,2.9166666666666665,135,18
68738,2.4166666666666665,133,15
68739,2.6666666666666665,100,13
68740,2.9166666666666665,100,13
68741,2.8333333333333335,133,17
68742,3.0,133,17
68743,2.8333333333333335,127,17
68744,2.9166666666666665,126,17
68745,5.25,209,29
68746,4.833333333333333,209,28
68747,8.333333333333334,320,37
68748,7.916666666666667,318,37
68749,5.666666666666667,215,25
68750,5.75,215,25
69101,2.9166666666666665,99,20
69102,3.25,99,20
69104,1.5,35,9
69105,2.0833333333333335,63,13
69106,1.5833333333333333,63,13
69107,3.1666666666666665,99,20
69108,2.75,99,20
69109,3.5,128,23
69110,3.1666666666666665,128,24
69111,3.1666666666666665,128,23
69112,3.3333333333333335,128,23
69113,3.0,99,20
69114,3.0,99,20
69115,2.8333333333333335,99,20
69116,1.3333333333333333,63,7
69117,3.75,146,21
69118,3.1666666666666665,147,21
69119,3.8333333333333335,146,21
69120,3.4166666666666665,147,21
69121,1.9166666666666667,72,11
69122,1.9166666666666667,72,11
69123,2.1666666666666665,78,13
69124,2.25,78,13
69125,2.1666666666666665,78,13
69126,2.3333333333333335,78,13
69127,1.75,63,13
69128,1.6666666666666667,63,13
69129,1.9166666666666667,63,13
69130,1.6666666666666667,63,13
69131,1.0833333333333333,31,5
69132,1.0833333333333333,31,5
69133,0.8333333333333334,29,6
69134,0.8333333333333334,29,6
69135,0.8333333333333334,29,6
69136,0.8333333333333334,29,6
69137,1.25,35,8
69138,1.1666666666666667,35,8
69139,6.166666666666667,232,34
69140,4.833333333333333,206,30
69141,3.0,117,22
69142,3.0,117,22
69143,1.8333333333333333,89,12
69144,1.8333333333333333,89,12
69145,2.1666666666666665,78,13
69146,2.25,78,13
69147,2.3333333333333335,78,13
69149,7.166666666666667,265,41
69150,7.416666666666667,265,42
69151,1.8333333333333333,68,13
69152,2.0833333333333335,68,13
69153,1.4166666666666667,54,9
69154,1.25,54,9
69161,3.5833333333333335,137,20
69164,3.4166666666666665,137,19
69165,1.75,65,11
69166,1.6666666666666667,65,11
69167,1.5833333333333333,65,9
69168,1.5833333333333333,65,11
69169,4.416666666666667,160,23
69171,1.5833333333333333,58,11
69172,1.8333333333333333,58,12
69173,1.2666666666666657,63,8
69174,1.6666666666666667,89,10
69181,2.1666666666666665,114,14
69182,2.4166666666666665,114,14
69183,0.9166666666666666,44,6
69184,1.0,44,6
69185,1.4166666666666667,54,8
69186,1.4166666666666667,54,8
69187,3.083333333333332,114,14
69188,2.8333333333333335,114,14
69189,4.083333333333333,152,23
69190,4.416666666666667,153,23
69191,3.25,95,17
69192,2.9166666666666665,95,17
69195,1.5833333333333333,61,6
69196,1.5833333333333333,61,6
70101,2.8333333333333335,115,12
70102,2.25,119,12
70103,3.3333333333333335,115,12
70104,2.75,119,12
70105,7.083333333333333,324,30
70106,7.0,326,30
71081,1.0,41,6
71082,2.433333333333333,86,13
71083,1.0,41,6
71084,0.8666666666666667,41,6
71085,0.8666666666666667,41,6
71086,1.0,41,6
71088,1.1666666666666667,51,8
71089,3.0833333333333335,105,13
71092,2.6666666666666665,105,17
71093,1.0,41,6
71094,1.0,41,6
71095,2.5833333333333335,105,13
71096,3.0833333333333335,105,13
71401,1.3333333333333333,43,6
71402,3.1666666666666665,121,16
71403,1.8333333333333333,77,11
71404,3.3333333333333335,121,16
71405,1.3333333333333333,43,6
71407,2.05,77,11
71408,1.6333333333333333,77,11
71409,2.3,77,11
71410,1.6666666666666667,77,11
71411,1.8,77,11
71413,9.25,265,32
71414,8.583333333333334,265,33
71415,7.583333333333333,265,33
71416,7.583333333333332,265,31
71901,1.0833333333333333,51,8
71902,1.25,51,8
71903,3.6666666666666665,148,22
71904,3.25,148,22
71905,1.6666666666666667,51,8
71906,1.3333333333333333,51,8
71907,3.8333333333333335,148,22
71908,3.25,148,22
71909,3.4166666666666665,136,15
71910,3.75,136,15
72171,0.5833333333333334,18,4
72172,0.5833333333333334,18,4
72173,0.5833333333333334,18,4
72174,0.5833333333333334,18,4
72175,0.5833333333333334,18,4
72176,0.5833333333333334,18,4
72177,0.5833333333333334,18,4
72178,0.5833333333333334,18,4
72179,0.5833333333333334,18,4
72180,0.5833333333333334,18,4
72203,1.4166666666666667,34,6
72204,1.4166666666666667,35,6
72205,1.5,34,6
72206,1.5,35,6
72207,1.5,34,6
72208,1.4166666666666667,35,6
72209,1.3333333333333333,34,6
72210,1.3333333333333333,35,6
72451,4.333333333333333,95,3
72452,4.5,95,3
73011,2.5,111,19
73012,2.5,111,19
73021,1.8333333333333333,59,11
73022,1.6666666666666667,59,11
73031,1.8333333333333333,65,13
73032,2.0,65,13
73033,1.25,44,9
73034,1.4333333333333333,44,9
73035,3.6666666666666665,127,23
73036,3.566666666666667,127,23
73037,1.1666666666666667,54,10
73038,1.5,54,10
73151,7.0,261,48
73152,6.833333333333333,261,48
73211,1.0833333333333333,10,5
73212,0.9166666666666666,10,5
73213,1.9166666666666667,19,12
73214,2.4166666666666665,19,12
73215,0.8333333333333334,6,7
73216,0.75,6,7
73261,3.0,64,12
73262,3.5,64,12
73263,2.5833333333333335,64,12
73264,3.4166666666666665,64,12
73421,1.3666666666666667,45,13
73422,1.25,44,13
73425,1.4166666666666667,45,10
73426,1.1666666666666667,45,10
73427,1.5,45,11
73428,1.3,45,11
73429,1.4166666666666667,47,13
73430,1.45,47,14
73451,1.75,56,10
73452,1.75,56,10
73453,1.55,56,10
73454,1.75,56,10
73461,1.0,28,5
73462,1.0,28,5
73463,1.0,28,5
73464,1.0,28,5
73538,3.75,132,18
73539,3.6666666666666665,132,18
73581,1.8333333333333333,61,9
73582,1.8333333333333333,61,9
73901,1.1666666666666667,39,2
73902,1.3333333333333333,39,2
73903,1.0833333333333333,39,2
73904,1.25,39,2
73905,0.9166666666666666,39,2
73911,1.1666666666666667,28,6
73912,1.2333333333333334,28,2
73913,1.3333333333333333,28,2
73914,1.1666666666666667,28,6
73916,1.2,28,2
74001,2.5,82,18
74002,2.5833333333333335,82,18
74003,2.6666666666666665,82,18
74004,2.75,82,18
74011,2.25,69,17
74012,2.5833333333333335,69,17
74013,6.75,246,41
74014,6.833333333333333,247,41
74015,3.0,138,16
74016,3.0833333333333335,138,16
74017,1.75,81,8
74018,1.75,81,8
74019,2.5,89,14
74020,2.5833333333333335,89,14
74021,5.166666666666667,163,36
74022,3.6666666666666665,93,24
74023,3.0,93,24
74024,5.25,163,36
74025,3.5,93,24
74026,3.4166666666666665,93,24
74027,2.25,54,15
74028,2.4166666666666665,54,15
74029,2.75,89,14
74030,2.5833333333333335,89,14
74031,0.4166666666666667,11,3
74032,1.6666666666666667,47,11
74033,1.5833333333333333,47,11
74034,0.4166666666666667,11,3
74035,0.4166666666666667,11,3
74036,1.5833333333333333,47,11
74037,1.5833333333333333,47,11
74038,0.4166666666666667,11,3
74201,5.75,172,25
74202,4.916666666666667,172,25
74301,2.25,47,9
74302,2.0,47,8
74303,2.0,47,9
74304,2.0,47,9
74305,2.25,47,9
74306,2.5,47,9
74601,1.5833333333333333,49,6
74602,1.5833333333333333,49,6
74603,1.5833333333333333,49,6
74604,1.5833333333333333,49,6
74605,1.5833333333333333,49,6
74606,1.5833333333333333,49,6
74607,1.5833333333333333,49,6
74608,1.5833333333333333,49,6
74611,2.0,89,12
74612,2.0,89,12
74613,1.0,45,6
74614,3.0833333333333335,134,17
74615,3.3333333333333335,134,17
74616,0.9166666666666666,45,6
74617,1.0833333333333333,45,6
74618,1.0,45,6
74619,2.9166666666666665,134,9
74620,2.3333333333333335,134,9
74621,1.0,45,6
74622,0.9166666666666666,45,6
74623,0.9166666666666666,45,6
74624,1.0833333333333333,45,6
74625,2.8333333333333335,134,17
74626,3.3333333333333335,134,17
74627,3.0,134,17
74628,3.1666666666666665,134,17
74629,3.0,134,17
74630,2.8333333333333335,134,17
74631,2.3333333333333335,89,12
74632,2.1666666666666665,89,12
74633,2.0833333333333335,89,12
74634,2.0833333333333335,89,12
74635,2.0,89,12
74636,2.0833333333333335,89,12
74637,2.3333333333333335,89,12
74638,2.3333333333333335,89,12
74639,2.0833333333333335,89,12
74640,2.0833333333333335,89,12
74641,1.5833333333333333,68,10
74642,2.0,78,12
74643,1.8333333333333333,78,12
74644,2.1666666666666665,78,11
74645,4.5,170,22
74646,5.25,170,21
74647,1.4166666666666667,56,8
74648,2.75,77,10
74651,1.5,53,9
74652,1.4166666666666667,45,8
74653,1.3,45,8
74654,1.4166666666666667,45,8
74655,1.3666666666666667,45,8
74656,1.4166666666666667,45,8
74657,1.3,45,8
74658,1.8333333333333333,53,9
74661,0.6666666666666666,25,4
74662,0.75,25,4
74663,0.6666666666666666,25,4
74664,0.8333333333333334,25,4
74671,3.4166666666666665,106,17
74672,3.0833333333333335,106,17
74673,2.966666666666667,98,16
74674,2.5,98,16
74675,2.75,106,16
74676,2.9166666666666665,106,16
74681,2.25,77,5
74682,2.1666666666666665,77,5
74683,2.0,72,4
74684,2.0833333333333335,77,5
74685,2.0833333333333335,72,4
74686,1.8833333333333333,72,4
74687,2.1666666666666665,77,5
74688,1.8833333333333333,72,4
74691,1.8333333333333333,58,6
74692,2.5833333333333335,58,6
74801,0.5833333333333334,14,2
74802,0.5833333333333334,14,2
74803,0.5,14,2
74804,0.5,14,2
74805,0.5,14,2
74806,0.5,14,2
74807,0.5,14,2
74808,0.5,14,2
74809,0.5,14,2
74810,0.5,14,2
74811,0.5,14,2
74812,0.5,14,2
74813,0.5,14,2
74814,0.5,14,2
74815,0.5,14,2
74816,0.5,14,2
74817,0.5,14,2
74818,0.5,14,2
74831,4.416666666666667,185,19
74832,3.6666666666666665,185,19
74833,6.5,313,29
74834,6.333333333333333,313,29
74835,11.083333333333334,471,49
74836,11.25,471,49
74837,10.583333333333334,348,39
74838,8.75,348,39
74839,4.75,208,24
74840,4.75,209,24
74841,7.416666666666667,302,35
74842,7.416666666666667,303,35
74843,5.0,208,24
74844,4.833333333333333,209,24
74845,5.083333333333333,211,28
74846,5.25,211,28
74847,5.0,211,28
74848,5.333333333333333,211,28
74849,1.25,48,8
74850,1.1666666666666667,47,8
74851,1.25,48,8
74852,1.1666666666666667,47,8
74853,1.25,48,8
74854,1.1666666666666667,47,8
74855,2.5833333333333335,142,14
74856,3.0833333333333335,142,14
74857,2.0833333333333335,90,9
74858,2.0833333333333335,90,9
74901,2.9166666666666665,115,18
74902,3.0,115,18
74903,2.8333333333333335,115,18
74904,3.1666666666666665,115,18
74906,1.5,53,6
74907,1.5833333333333333,53,6
74909,4.75,152,19
74910,4.083333333333333,152,19
74911,1.3333333333333333,42,7
74912,1.25,42,7
74913,1.25,42,7
74914,1.1666666666666667,42,7
74915,1.1666666666666667,42,7
74916,1.0,42,7
74917,1.0833333333333333,42,7
74918,1.25,42,7
74919,1.1666666666666667,42,7
74920,1.4166666666666667,42,7
74923,3.75,121,18
74924,2.9166666666666665,111,16
74931,3.3333333333333335,117,18
74932,2.9166666666666665,117,15
74933,3.0833333333333335,117,18
74934,3.5833333333333335,117,18
74935,3.6666666666666665,117,18
74936,3.3333333333333335,117,18
74937,3.1666666666666665,117,18
74938,3.25,117,18
74939,2.916666666666668,117,14
74940,3.0,117,18
74941,1.0,31,2
74942,1.0,31,2
74943,1.0,31,2
74944,1.0,31,2
74945,1.0,31,2
74946,1.0,31,2
74947,1.0,31,2
74948,1.0,31,2
74951,3.3333333333333335,87,17
74952,3.25,87,17
74953,3.0833333333333335,87,17
74954,2.9166666666666665,87,17
74961,3.3333333333333335,123,20
74962,3.5,123,20
74963,3.5,123,20
74964,3.4166666666666665,123,20
74965,2.1666666666666665,77,15
74966,2.0,77,15
74967,2.1666666666666665,77,15
74968,2.0,77,15
74969,2.1666666666666665,77,15
74970,2.25,77,15
74971,2.0833333333333335,88,14
74972,2.3333333333333335,88,14
74973,2.3333333333333335,88,14
74974,2.1666666666666665,88,14
74975,2.6666666666666665,88,14
74976,2.1666666666666665,88,14
74977,2.25,88,14
74978,2.4166666666666665,88,14
74981,2.0,80,13
74982,2.0,80,13
74983,1.9166666666666667,80,13
74984,1.9166666666666667,80,13
74985,3.0833333333333335,122,19
74986,2.75,122,18
74987,2.5833333333333335,122,14
74988,3.3333333333333335,122,19
74991,5.5,215,23
74992,7.166666666666667,215,23
74993,1.1666666666666667,41,7
74994,0.9166666666666666,41,7
75002,6.25,220,36
75003,3.0833333333333335,112,22
75004,3.6666666666666665,112,22
75005,7.0,221,36
75007,6.0,220,24
75008,6.5,220,24
75009,3.3333333333333335,127,22
75010,2.3333333333333335,98,18
75011,4.166666666666667,138,24
75012,5.083333333333333,166,27
75013,3.0,81,19
75014,3.1666666666666665,81,19
75015,3.4166666666666665,81,19
75016,3.0833333333333335,81,19
75101,3.5833333333333335,136,22
75102,3.8333333333333335,136,22
75103,3.25,126,20
75104,4.083333333333333,117,20
75105,7.0,214,37
75106,6.75,214,37
75107,3.75,118,22
75109,2.5,88,14
75111,5.25,154,25
75112,5.583333333333333,156,25
75113,4.833333333333333,156,24
75114,6.083333333333333,156,24
75115,6.083333333333333,203,30
75116,6.916666666666668,203,30
75201,1.5833333333333333,53,13
75202,2.0833333333333335,53,12
75207,6.25,169,23
75208,5.666666666666667,169,22
75209,4.5,105,16
75210,3.75,105,16
75211,4.166666666666667,111,19
75212,4.583333333333333,111,19
75213,1.5833333333333321,29,5
75214,1.0,29,5
75221,2.75,53,12
75222,2.0833333333333335,53,13
75225,6.583333333333333,187,23
75226,6.0,187,23
75227,6.316666666666666,187,29
75228,5.0,150,16
75229,5.0,150,16
75230,6.583333333333333,187,31
75231,4.25,129,18
75232,5.416666666666667,129,20
75233,2.5,82,9
75234,2.5833333333333335,82,9
75235,2.5833333333333335,87,13
75236,3.6666666666666665,87,13
75237,3.833333333333332,159,20
75238,4.666666666666667,159,19
75253,1.25,37,8
75254,1.5833333333333333,37,8
75255,4.166666666666667,132,14
75256,4.25,132,14
75271,3.0,97,17
75272,2.75,97,17
75273,3.0,97,17
75274,3.0,97,17
75279,1.3333333333333333,54,7
75280,2.7,54,5
75707,5.833333333333333,217,28
75708,5.75,217,28
75713,5.0,181,20
75714,5.0,181,20
75715,6.25,210,30
75716,6.666666666666667,210,30
75717,5.75,183,29
75718,6.083333333333333,183,29
75719,7.0,251,45
75720,7.0,251,44
75721,2.0833333333333335,63,12
75722,2.25,64,12
75723,4.166666666666667,208,19
75724,4.416666666666667,208,19
75727,2.4166666666666665,100,8
75728,2.6666666666666665,100,7
75729,4.5,167,16
75730,4.416666666666667,166,16
75733,1.5,33,8
75734,1.4166666666666667,33,8
75735,1.5,33,8
75736,1.5,33,8
75737,1.5,33,8
75738,1.5,33,8
75739,1.5,33,8
75740,1.4166666666666667,33,8
75743,5.916666666666668,204,33
75744,6.083333333333333,204,33
75745,2.9166666666666665,107,19
75746,3.0,108,19
75747,1.5,40,11
75748,1.3333333333333333,40,11
75749,2.4166666666666665,61,15
75750,2.1666666666666665,61,15
75901,1.5,54,4
75902,3.25,101,14
75903,3.25,101,14
75904,1.25,54,4
75905,1.3333333333333333,47,4
75906,3.25,101,14
75907,3.4166666666666665,101,14
75908,1.25,47,4
75911,1.4166666666666667,40,8
75912,1.4166666666666667,39,8
76501,0.5,17,2
76502,0.5,17,2
76503,0.5,17,2
76504,0.75,17,2
76505,2.3333333333333335,81,12
76506,2.4166666666666665,81,10
76507,1.4166666666666667,64,10
76508,2.0833333333333335,68,11
76523,1.5833333333333333,62,9
76524,1.5,61,9
76525,4.75,201,31
76526,5.083333333333333,201,31
76551,4.5,157,22
76552,4.25,157,22
76553,3.1666666666666665,150,15
76554,3.1666666666666665,150,15
76800,0.9166666666666666,26,9
76803,0.9166666666666666,26,9
76804,0.9166666666666666,26,9
76805,2.6666666666666665,93,12
76806,2.5,93,12
76807,3.25,150,14
76808,3.25,150,14
76812,3.25,94,19
76813,1.0833333333333333,28,4
76814,0.4166666666666667,10,2
76815,3.0,94,19
76817,0.4166666666666667,10,2
76818,1.5,27,6
76820,1.3333333333333333,49,8
76821,1.5,49,9
76822,1.3333333333333333,49,9
76823,1.4166666666666667,49,9
76824,1.3333333333333333,49,9
76825,1.8333333333333333,70,16
76826,1.9166666666666667,70,16
76827,1.5,49,9
76828,1.4166666666666667,49,9
76829,1.4166666666666667,49,9
76830,2.3333333333333335,89,10
76831,2.0833333333333335,89,10
76833,2.0,75,15
76834,2.0833333333333335,75,15
76835,2.1666666666666665,75,18
76836,2.25,75,18
76837,3.5833333333333335,127,11
76838,2.9166666666666665,127,11
76839,2.1666666666666665,89,10
76840,2.0,89,10
76841,4.75,180,26
76842,4.833333333333333,180,27
76845,3.0,122,23
76846,3.4166666666666665,122,23
76847,3.0833333333333335,139,17
76848,3.3333333333333335,139,17
76849,3.1666666666666665,139,17
76850,3.0,139,17
76851,5.083333333333333,145,26
76852,4.333333333333333,145,25
76853,4.333333333333333,134,25
76854,4.0,134,25
77201,1.0833333333333333,44,4
77202,2.9166666666666665,94,15
77203,3.4166666666666665,94,21
77204,3.1666666666666665,94,21
77205,1.1666666666666667,30,8
77206,4.0,109,20
77207,2.3333333333333335,81,14
77208,2.9166666666666665,80,12
77209,1.0833333333333333,36,8
77211,0.9166666666666666,36,8
77212,2.5,81,18
77213,1.4166666666666667,44,11
77214,1.4166666666666667,44,11
77215,2.5,81,18
77216,1.0833333333333333,36,8
77218,2.75,81,18
77219,1.4166666666666667,36,8
77220,1.0833333333333333,36,7
77221,1.0,32,6
77222,1.6666666666666667,59,12
77223,1.6666666666666667,59,12
77224,1.75,59,12
77225,1.0,33,8
77226,1.0,33,8
77227,1.0,33,8
77228,1.0,33,8
77229,2.0833333333333335,59,12
77230,1.4166666666666667,32,6
77231,3.5833333333333335,109,24
77232,2.3333333333333335,65,14
77233,1.0,29,6
77234,1.0833333333333333,36,8
77235,1.0833333333333333,36,8
77237,2.4166666666666665,70,18
77238,2.3333333333333335,68,18
77239,1.5833333333333333,47,10
77240,1.4166666666666667,46,12
77241,3.3333333333333335,99,21
77242,2.75,68,15
77243,2.4166666666666665,49,12
77244,1.5,46,9
77245,0.75,25,5
77246,1.0,33,7
77247,1.0,33,6
77248,4.583333333333333,169,23
77249,3.5833333333333335,143,19
77250,0.75,25,5
77251,3.75,141,14
77252,3.6666666666666665,144,14
77253,4.583333333333333,145,13
77254,3.8333333333333335,146,14
77255,3.1666666666666665,142,14
77256,3.0,144,14
77257,4.0,83,5
77258,3.5,83,5
77259,3.1666666666666665,148,8
77260,4.916666666666667,148,8
77261,3.0833333333333335,81,18
77262,2.3333333333333335,81,18
77263,1.4166666666666667,44,9
77264,3.3333333333333335,94,19
77265,2.4166666666666665,76,11
77266,1.3333333333333333,46,12
77267,1.9166666666666667,65,13
77268,1.5,44,9
77269,2.5,81,18
77270,2.75,81,18
77271,2.0,44,12
77272,2.0,44,12
77273,1.1666666666666667,47,3
77274,1.9166666666666667,47,3
77281,0.8333333333333334,31,8
77282,1.1666666666666667,25,5
77283,1.0833333333333333,32,6
77284,1.0,32,6
77285,0.9166666666666666,25,5
77286,1.0,31,8
77287,0.8333333333333334,31,8
77288,0.6666666666666666,25,5
77289,1.0833333333333333,32,6
77290,0.75,25,5
77291,5.166666666666667,177,23
77292,4.833333333333333,178,25
77293,2.4166666666666665,70,17
77294,3.75,98,25
77295,6.583333333333333,171,36
77297,3.9166666666666665,130,17
77298,9.166666666666666,272,45
77401,4.0,161,12
77402,3.8333333333333335,161,12
77403,3.9166666666666665,161,12
77404,3.75,161,12
77405,0.75,14,3
77406,0.75,14,3
77414,2.8333333333333335,121,13
77415,2.8333333333333335,122,15
77416,1.4166666666666667,49,9
77417,1.3333333333333333,50,9
77418,5.25,197,22
77419,5.083333333333333,197,21
77601,1.3333333333333333,26,14
77602,1.8333333333333333,39,23
77603,1.4166666666666667,40,17
77604,1.0,25,20
77605,1.1666666666666667,27,21
77606,1.25,40,17
77607,1.0833333333333333,26,14
77608,1.0,26,14
77609,2.25,53,26
77610,1.4166666666666667,40,17
77611,0.5833333333333334,13,11
77612,0.75,13,11
77613,1.1666666666666667,40,17
77614,1.3666666666666667,40,17
77615,1.1666666666666667,26,14
77616,1.5833333333333333,26,14
77617,1.2166666666666666,40,17
77618,1.4166666666666667,40,17
77619,1.1666666666666667,26,14
77622,1.3333333333333333,52,7
77623,1.4166666666666667,52,7
77630,1.0,27,14
77631,0.4166666666666667,13,4
77632,0.4166666666666667,13,4
77633,0.3,13,4
77634,0.3333333333333333,13,4
77635,0.5833333333333334,13,4
77638,0.3333333333333333,13,4
77640,0.31666666666666665,13,4
77641,0.3,13,4
77642,0.3333333333333333,13,4
77643,0.3333333333333333,13,4
77645,0.95,27,14
77647,0.6666666666666666,13,4
77649,0.8333333333333321,27,14
77651,3.75,108,8
77652,3.75,108,8
77653,1.5,52,4
77654,1.5,52,4
77655,3.75,108,8
77656,3.75,108,8
77657,6.75,253,19
77658,7.333333333333333,253,19
77671,2.333333333333332,105,17
77672,2.4166666666666665,105,21
77673,4.25,154,18
77674,4.083333333333333,154,18
77675,3.6666666666666665,154,17
77676,3.416666666666668,59,6
77677,1.25,59,6
77678,3.6666666666666665,154,17
77679,1.8333333333333333,39,23
77680,1.25,39,23
77681,1.5,39,23
77682,1.25,39,23
77683,3.75,151,14
77684,3.25,151,14
77689,1.6666666666666667,57,5
77690,1.5833333333333333,57,5
77691,2.6666666666666665,151,14
77693,6.083333333333333,237,22
77694,6.0,237,21
77695,4.0,129,14
77696,4.5,129,14
78009,1.4166666666666667,55,8
78010,1.4166666666666667,55,8
78011,1.3333333333333333,55,8
78012,1.8333333333333333,72,11
78013,1.5833333333333333,69,10
78014,0.7833333333333333,17,5
78015,0.8,17,5
78016,1.6,69,10
78017,1.6666666666666667,69,10
78018,0.9166666666666666,17,5
78019,0.8833333333333333,17,5
78020,1.2833333333333334,51,7
78031,4.416666666666667,116,9
78032,4.416666666666667,116,9
78033,3.5,147,19
78034,3.6666666666666665,147,19
78051,2.85,113,26
78052,2.75,113,26
78053,2.7666666666666666,113,26
78054,2.8333333333333335,113,26
78055,2.85,113,26
78056,2.75,113,26
78057,1.0,40,8
78058,0.9166666666666666,40,8
78059,2.85,113,26
78060,2.7333333333333334,113,26
78061,2.683333333333333,113,26
78101,2.0833333333333335,96,15
78102,2.1666666666666665,96,15
78103,3.9166666666666665,150,23
78104,4.416666666666667,150,23
78502,1.0,27,8
78503,4.25,165,28
78504,3.6666666666666665,165,28
78505,1.6666666666666667,73,10
78511,0.6666666666666666,16,4
78512,0.6666666666666666,16,4
78513,0.6666666666666666,16,4
78514,0.6666666666666666,16,4
78515,0.6666666666666666,16,4
78516,0.6666666666666666,16,4
78517,0.6666666666666666,16,4
78518,0.6666666666666666,16,4
78519,0.6666666666666666,16,4
78520,0.6666666666666666,16,4
78531,1.4166666666666667,60,10
78534,3.0833333333333335,142,18
78801,2.5,89,16
78802,2.3333333333333335,87,16
78803,2.5833333333333335,89,16
78804,2.3333333333333335,87,16
78805,2.3333333333333335,89,16
78806,2.5833333333333335,87,16
78807,1.75,60,12
78808,1.5833333333333333,58,12
78809,2.333333333333332,89,16
78810,2.3333333333333335,87,16
78811,1.3333333333333333,47,9
78812,1.3333333333333333,46,9
78813,1.3333333333333333,47,9
78814,1.3333333333333333,46,9
78815,3.75,149,19
78816,3.25,129,18
78817,2.0833333333333335,89,10
78818,2.5833333333333335,104,11
78819,7.666666666666668,249,28
78820,5.916666666666667,249,28
78821,2.75,89,16
78822,2.5833333333333335,87,16
78824,2.0,89,10
78825,2.0,87,10
78826,2.0,87,10
78827,2.0,89,10
79301,6.416666666666668,242,26
79302,7.083333333333333,242,26
79303,4.25,188,19
79304,4.0,188,18
79305,3.8333333333333335,139,20
79306,3.6666666666666665,139,20
79307,1.0,21,6
79308,0.9166666666666666,21,6
79309,4.0,139,20
79310,3.8333333333333335,139,20
79311,0.9166666666666666,21,6
79312,0.9166666666666666,21,6
79313,4.083333333333333,139,20
79314,3.8333333333333335,139,20
79315,0.9166666666666666,21,6
79316,0.9166666666666666,21,6
79317,3.9166666666666665,139,20
79318,3.6666666666666665,139,20
79319,0.9166666666666666,21,6
79320,0.9166666666666666,21,6
79321,0.9166666666666666,21,6
79322,0.9166666666666666,21,6
79323,0.9166666666666666,21,6
79324,0.9166666666666666,21,6
79325,0.9166666666666666,21,6
79326,0.9166666666666666,21,6
79413,1.75,51,13
79414,1.5,51,13
79415,1.75,51,13
79416,1.5,51,13
79417,1.6666666666666667,51,13
79418,1.6666666666666667,51,13
79419,1.6666666666666667,51,13
79420,1.6666666666666667,51,13
79421,1.6666666666666667,51,13
79422,1.6666666666666667,51,13
79423,1.75,51,13
79424,1.6666666666666667,51,13
79425,1.6666666666666667,51,13
79426,1.5,51,13
79427,1.6666666666666667,51,13
79428,1.6666666666666667,51,13
79429,1.9166666666666679,63,5
79430,1.5,63,5
79431,1.6666666666666667,68,10
79432,2.25,68,10
79433,3.0833333333333335,109,15
79434,2.9166666666666665,109,15
79435,3.0,109,15
79436,2.8333333333333335,109,15
79437,3.25,118,17
79438,2.8333333333333335,117,17
79441,0.75,28,5
79442,0.75,28,5
79443,0.8333333333333334,28,5
79444,0.75,28,5
79445,3.5833333333333335,98,14
79446,0.75,28,5
79447,0.75,28,5
79448,0.75,28,6
79449,1.5,47,7
79450,1.5,47,7
79451,0.75,28,5
79452,0.75,28,5
79453,0.75,28,5
79454,4.0,98,16
79455,2.8333333333333335,105,19
79456,2.9166666666666665,105,19
79457,1.0,36,2
79458,1.0,36,2
79459,1.0,36,2
79460,1.0,36,2
79481,1.9166666666666667,39,2
79482,1.75,39,2
79483,1.75,39,2
79484,1.8333333333333333,39,2
79485,1.8333333333333333,1,2
79486,1.8333333333333333,1,2
79487,1.8333333333333333,1,2
79488,1.8333333333333333,1,2
79489,1.8333333333333333,1,2
79490,1.8333333333333333,1,2
82355,3.0833333333333335,1712,7
82601,12.916666666666666,649,11
82606,12.0,649,15
82631,12.75,695,13
82635,16.0,849,18
82651,8.916666666666666,3211,22
82652,9.333333333333334,3212,22
82653,19.083333333333332,2440,22
82654,19.833333333333332,2440,18
82665,6.149999999999999,668,15
82666,6.133333333333333,663,15
90540,1.7166666666666666,60,2
90981,1.4333333333333333,59,2
91392,0.35,10,2
91393,0.3333333333333333,10,2
91394,0.3333333333333333,10,2
91395,0.3333333333333333,10,2
91396,0.35,10,2
91491,0.3333333333333333,10,2
93001,1.25,63,2
93002,1.9,101,2
93003,1.3,63,2
93004,1.3333333333333333,63,2
93005,2.533333333333333,123,2
93006,2.7333333333333334,123,2
93007,2.933333333333333,123,2
93008,1.8833333333333333,89,2
93009,2.2,101,2
93010,1.25,63,2
93011,1.4166666666666667,63,2
93012,1.25,63,2
93013,1.8166666666666667,89,2
93014,1.25,63,2
93015,2.8666666666666667,123,2
93016,2.5833333333333335,123,2
93017,1.3333333333333333,63,2
93018,1.25,63,2
93019,1.3333333333333333,63,2
93020,2.216666666666667,113,2
93021,1.3333333333333333,63,2
93022,2.45,113,2
93023,1.6666666666666667,63,2
93024,1.25,63,2
93025,2.716666666666667,123,2
93026,2.65,123,2
93027,2.466666666666667,113,2
93028,2.7666666666666666,123,2
93029,2.4166666666666665,113,2
93030,2.533333333333333,123,2
93031,1.25,63,8
93032,1.25,63,2
93033,2.6333333333333333,123,2
93034,1.25,63,9
93101,1.3,63,9
93102,1.3333333333333333,63,9
93103,2.533333333333333,123,17
93104,1.25,63,9
93105,1.4166666666666667,63,9
93109,1.3333333333333333,63,9
95001,0.9333333333333333,49,10
95002,0.9666666666666667,49,8
95003,0.9666666666666667,49,10
95004,1.0333333333333334,49,8
95005,0.9666666666666667,49,10
95006,0.9666666666666667,49,8
95007,0.95,49,10
95008,0.9666666666666667,49,8
95009,0.95,49,10
95010,0.9666666666666667,49,8
95011,0.9333333333333333,49,10
95012,0.9833333333333333,49,8
95013,0.95,49,8
95101,0.8666666666666667,46,9
95102,0.8333333333333334,46,7
95103,0.8833333333333333,46,9
95104,0.8333333333333334,46,7
95105,0.85,46,9
95106,0.85,46,7
95107,0.8333333333333334,46,9
95108,0.85,46,7
95109,0.8333333333333334,46,9
95110,0.8333333333333334,46,7
95111,0.8333333333333334,46,9
95112,0.8333333333333334,46,7
95113,0.85,46,9
95114,0.8333333333333334,46,7
95115,0.8333333333333334,46,9
95116,0.8333333333333334,46,7
95117,0.8333333333333334,46,9
95118,0.85,46,7
95119,0.8333333333333334,46,9
95120,0.8333333333333334,46,7
95121,0.8666666666666667,46,9
95122,0.8333333333333334,46,7
95123,0.8333333333333334,46,9
95124,0.85,46,7
95125,0.8333333333333334,46,9
95126,0.8333333333333334,46,7
95127,0.85,46,9
95128,0.8333333333333334,46,7
95129,0.8666666666666667,46,9
95130,0.8333333333333334,46,7
95131,0.8333333333333334,46,9
95132,0.8333333333333334,46,7
95134,0.85,46,7
95136,0.8333333333333334,46,7
95138,0.8333333333333334,46,7
95140,0.8666666666666667,46,7
95142,0.8333333333333334,46,7
95144,0.8333333333333334,46,7
95201,0.3,14,5
95202,0.31666666666666665,14,3
95203,0.36666666666666664,14,5
95204,0.3,14,3
95205,0.31666666666666665,14,5
95206,0.31666666666666665,14,3
95207,0.3333333333333333,14,5
95208,0.3333333333333333,14,3
95209,0.31666666666666665,14,5
95210,0.31666666666666665,14,3
95211,0.31666666666666665,14,5
95212,0.3333333333333333,14,3
95213,0.31666666666666665,14,5
95214,0.3333333333333333,14,3
95215,0.36666666666666664,14,5
95216,0.3333333333333333,14,3
95217,0.35,14,5
95218,0.31666666666666665,14,3
95219,0.31666666666666665,14,5
95220,0.31666666666666665,14,3
95221,0.3,14,5
95222,0.31666666666666665,14,3
95223,0.35,14,5
95224,0.31666666666666665,14,3
95225,0.3333333333333333,14,5
95226,0.31666666666666665,14,3
95227,0.31666666666666665,14,5
95228,0.31666666666666665,14,3
95229,0.3333333333333333,14,5
95230,0.3333333333333333,14,3
95231,0.3333333333333333,14,5
95232,0.31666666666666665,14,3
95233,0.3333333333333333,14,5
95234,0.35,14,3
95235,0.31666666666666665,14,5
95236,0.31666666666666665,14,3
95237,0.31666666666666665,14,5
95239,0.35,14,5
95241,0.35,14,5
95301,0.2,6,4
95302,0.2,6,2
95303,0.21666666666666667,6,4
95304,0.2,6,2
95305,0.2,6,4
95306,0.2,6,2
95307,0.2,6,4
95308,0.2,6,2
95309,0.21666666666666667,6,4
95310,0.2,6,2
95311,0.23333333333333334,6,4
95312,0.2,6,2
95313,0.2,6,4
95314,0.2,6,2
95315,0.2,6,4
95316,0.2,6,2
95317,0.18333333333333332,6,4
95318,0.21666666666666667,6,2
95319,0.21666666666666667,6,4
95320,0.2,6,2
95321,0.18333333333333332,6,4
95322,0.2,6,2
95323,0.2,6,4
95324,0.2,6,2
95325,0.2,6,4
95326,0.2,6,2
95327,0.23333333333333334,6,4
95328,0.2,6,2
95329,0.2,6,4
95330,0.2,6,2
95331,0.2,6,4
95332,0.2,6,2
95334,0.23333333333333334,6,2
95336,0.21666666666666667,6,2
95338,0.21666666666666667,6,2
95340,0.21666666666666667,6,2
95342,0.2,6,2
95401,1.2666666666666666,67,12
95402,1.1666666666666667,67,10
95403,1.1666666666666667,67,12
95404,1.1833333333333333,67,10
95405,1.1833333333333333,67,12
95406,1.2166666666666666,67,10
95407,1.2166666666666666,67,12
95408,1.2,67,10
95409,1.1666666666666667,67,12
95410,1.1833333333333333,67,10
95411,1.1666666666666667,67,12
95412,1.1666666666666667,67,10
95413,1.1666666666666667,67,12
95414,1.1833333333333333,67,10
95415,1.1666666666666667,67,12
95416,1.1833333333333333,67,10
95417,1.1666666666666667,67,12
95418,1.1666666666666667,67,10
95419,1.2,67,12
95420,1.1833333333333333,67,10
95421,1.1833333333333333,67,12
95422,1.1833333333333333,67,10
95423,1.1833333333333333,67,12
95424,1.1666666666666667,67,10
95425,1.1833333333333333,67,12
95426,1.1666666666666667,67,10
95428,1.1666666666666667,67,10
95430,1.1666666666666667,67,10
95501,0.5833333333333334,32,7
95502,0.6,32,5
95503,0.65,32,7
95504,0.6166666666666667,32,5
95505,0.5833333333333334,32,7
95506,0.6166666666666667,32,5
95507,0.5833333333333334,32,7
95508,0.5833333333333334,32,5
95509,0.6,32,7
95510,0.5833333333333334,32,5
95511,0.6,32,7
95512,0.6666666666666666,32,5
95513,0.6333333333333333,32,7
95514,0.6,32,5
95515,0.6333333333333333,32,7
95516,0.6166666666666667,32,5
95517,0.5833333333333334,32,7
95601,0.26666666666666666,10,4
95602,0.25,10,2
95603,0.2833333333333333,10,4
95604,0.25,10,2
95605,0.26666666666666666,10,4
95606,0.26666666666666666,10,2
95607,0.25,10,4
95608,0.25,10,2
95609,0.26666666666666666,10,4
95610,0.25,10,2
95611,0.25,10,4
95612,0.25,10,2
95613,0.26666666666666666,10,4
95614,0.25,10,2
95615,0.25,10,4
95616,0.25,10,2
95617,0.26666666666666666,10,4
95619,0.25,10,4
95701,1.0,53,7
95702,1.3333333333333333,53,17
95703,1.0,53,9
95704,1.0333333333333334,53,9
95705,0.9833333333333333,53,9
95706,0.9833333333333333,44,12
95707,1.2,53,16
95708,1.2333333333333334,53,13
95709,1.2,53,16
95710,1.2666666666666666,53,14
95711,1.2166666666666666,53,17
95712,1.0333333333333334,53,9
95713,0.8166666666666667,44,6
95714,1.2666666666666666,53,14
95715,1.2166666666666666,53,14
95716,1.2666666666666666,53,13
95717,1.0333333333333334,53,8
95718,1.25,53,14
95719,1.0333333333333334,53,8
95720,1.2333333333333334,53,14
95721,1.2,53,19
95722,0.8333333333333334,44,6
95723,0.8166666666666667,44,7
95724,1.0166666666666666,53,8
95725,0.7833333333333333,44,7
95726,1.0333333333333334,53,8
95727,1.2333333333333334,53,14
95728,1.25,53,14
95729,1.0,44,12
95730,0.8166666666666667,44,6
95731,1.2333333333333334,53,13
95732,1.2,53,13
95733,1.2166666666666666,53,14
95734,0.75,44,6
95735,1.0,44,12
95736,1.2166666666666666,53,13
95737,1.3,53,14
95738,1.25,53,14
95739,1.05,53,9
95740,1.0333333333333334,53,2
95741,1.2666666666666666,53,14
95742,1.2166666666666666,53,14
95743,1.35,53,17
95744,1.0333333333333334,53,8
95745,1.0333333333333334,53,9
95746,1.0,53,9
95801,1.0833333333333333,48,11
95802,1.1166666666666667,48,12
95804,1.1,48,11
95805,1.1666666666666667,48,14
95808,1.1166666666666667,48,11
95901,0.65,33,6
95902,0.7333333333333333,33,7
95903,0.7,33,7
95904,0.75,33,7
95905,0.6833333333333333,33,5
95906,0.7166666666666667,33,7
95907,0.6833333333333333,33,6
95908,0.75,33,7
95909,0.6833333333333333,33,6
95910,0.7166666666666667,33,7
95911,0.7,33,6
95912,0.7333333333333333,33,7
95913,0.8333333333333334,33,10
95917,0.7166666666666667,33,6
95919,0.85,33,9
96001,0.08333333333333333,2,2
96002,0.11666666666666667,2,2
96003,0.9666666666666667,49,10
96004,0.11666666666666667,2,2
96005,0.08333333333333333,2,2
96006,0.11666666666666667,2,2
96007,0.08333333333333333,2,2
96008,0.11666666666666667,2,2
96009,0.08333333333333333,2,2
96010,0.11666666666666667,2,2
96011,0.08333333333333333,2,2
96012,0.11666666666666667,2,2
96013,0.08333333333333333,2,2
96014,0.11666666666666667,2,2
96015,0.08333333333333333,2,2
96016,0.11666666666666667,2,2
96017,0.08333333333333333,2,2
96018,0.11666666666666667,2,2
96019,0.9499999999999993,49,10
96020,1.0,49,8
96022,0.11666666666666667,2,2
96101,0.8833333333333333,46,9
96102,0.8666666666666667,46,7
96103,0.85,46,9
96104,0.85,46,7
96105,0.85,46,9
96106,0.85,46,7
96107,0.8666666666666667,46,9
96108,0.85,46,7
96109,0.85,46,9
96110,0.85,46,7
96111,1.0166666666666666,46,9
96112,0.8333333333333334,46,7
96113,0.8666666666666667,46,9
96114,2.3500000000000014,99,30
96115,0.85,46,9
96116,2.3000000000000007,99,30
96117,0.85,46,9
96119,0.85,46,9
96121,0.85,46,9
96201,0.3333333333333333,14,5
96202,0.3,14,3
96203,0.3,14,5
96204,0.3,14,3
96205,0.3333333333333333,14,5
96206,0.2833333333333333,14,3
96207,0.3333333333333333,14,5
96208,0.3333333333333333,14,3
96209,0.35,14,5
96210,0.31666666666666665,14,3
96211,0.35,14,5
96212,0.3333333333333333,14,3
96213,0.3333333333333333,14,5
96214,0.4166666666666667,14,3
96215,0.31666666666666665,14,5
96216,0.35,14,3
96217,0.3333333333333333,14,5
96218,0.31666666666666665,14,3
96219,0.3333333333333333,14,5
96220,0.31666666666666665,14,3
96221,0.31666666666666665,14,5
96222,0.35,14,3
96223,0.3333333333333333,14,5
96224,0.35,14,3
96225,0.3333333333333333,14,5
96226,0.31666666666666665,14,3
96227,0.3333333333333333,14,5
96228,0.31666666666666665,14,3
96232,0.35,14,3
96234,0.3333333333333333,14,3
96236,1.8000000000000007,67,26
96301,0.21666666666666667,6,4
96302,0.21666666666666667,6,2
96303,0.21666666666666667,6,4
96304,0.2,6,2
96305,0.23333333333333334,6,4
96306,0.21666666666666667,6,2
96307,0.2,6,4
96308,0.2,6,2
96309,0.21666666666666667,6,4
96310,0.2,6,2
96311,0.2,6,4
96312,0.23333333333333334,6,2
96313,0.21666666666666667,6,4
96314,0.21666666666666667,6,2
96315,0.2,6,4
96316,0.2,6,2
96317,0.21666666666666667,6,4
96318,0.2,6,2
96319,0.21666666666666667,6,4
96320,0.21666666666666667,6,2
96321,0.21666666666666667,6,4
96322,0.2,6,2
96323,0.21666666666666667,6,4
96324,0.21666666666666667,6,2
96325,0.21666666666666667,6,4
96326,0.2,6,2
96327,0.21666666666666667,6,4
96328,0.2,6,2
96329,0.23333333333333334,6,4
96330,0.21666666666666667,6,2
96331,0.21666666666666667,6,4
96332,0.2,6,2
96333,0.21666666666666667,6,4
96334,0.2,6,2
96335,0.21666666666666667,6,4
96336,1.7,59,25
96337,0.2,6,4
96339,0.23333333333333334,6,4
96341,0.23333333333333334,6,4
96343,0.21666666666666667,6,4
96345,0.21666666666666667,6,4
96401,1.2833333333333334,67,12
96402,1.1666666666666667,67,10
96403,1.2166666666666666,67,12
96404,1.1666666666666667,67,10
96405,1.1666666666666667,67,12
96406,1.2,67,10
96407,1.15,67,12
96409,1.1666666666666679,67,12
96501,0.35,21,4
96502,0.6333333333333333,32,5
96503,0.5833333333333334,32,7
96504,0.6166666666666667,32,5
96505,0.6166666666666667,32,7
96506,0.6166666666666667,32,5
96507,0.6,32,7
96508,0.6,32,5
96509,0.5833333333333334,32,7
96510,0.6,32,5
96511,0.5833333333333334,32,7
96512,0.6,32,5
96513,0.5833333333333334,32,7
96514,0.5833333333333334,32,5
96515,0.6,32,7
96516,0.6166666666666667,32,5
96517,0.5833333333333334,32,7
96518,0.6166666666666667,32,5
96519,0.5833333333333334,32,7
96520,0.6666666666666666,32,5
96521,0.5833333333333334,32,7
96522,0.5666666666666667,32,5
96524,0.5666666666666664,32,5
96601,0.25,10,4
96602,0.25,10,2
96603,0.25,10,4
96604,0.25,10,2
96605,0.25,10,4
96606,0.25,10,2
96607,0.25,10,4
96608,0.25,10,2
96609,0.25,10,4
96610,0.25,10,2
96611,0.23333333333333334,10,4
96612,0.18333333333333332,10,2
96613,0.25,10,4
96614,0.25,10,2
96615,0.25,10,4
96616,0.25,10,2
96617,0.25,10,4
96618,0.2833333333333333,10,2
96619,0.25,10,4
96620,0.25,10,2
96621,0.25,10,4
96622,0.2833333333333333,10,2
96623,0.25,10,4
96624,0.2833333333333333,10,2
96625,0.25,10,4
96626,0.25,10,2
96627,0.23333333333333334,10,4
96628,0.25,10,2
96629,0.23333333333333334,10,4
96630,0.25,10,2
96631,0.25,10,4
96632,0.25,10,2
96633,0.25,10,4
96634,0.25,10,2
96635,0.25,10,4
96636,0.25,10,2
96637,0.26666666666666666,10,4
96638,0.25,10,2
96639,0.25,10,4
96640,0.26666666666666666,10,2
96641,0.25,10,4
96642,0.25,10,2
96643,0.25,10,4
96644,0.25,10,2
96645,0.25,10,4
96646,0.26666666666666666,10,2
96647,0.25,10,4
96648,0.25,10,2
96649,0.25,10,4
96650,0.26666666666666666,10,2
96651,0.25,10,4
96652,0.25,10,2
96653,0.25,10,4
96654,0.25,10,2
96655,0.25,10,4
96656,0.25,10,2
96657,1.716666666666665,64,27
96658,0.26666666666666666,10,2
96660,0.25,10,2
97000,1.4666666666666666,53,2
97001,0.9333333333333333,35,14
97002,1.45,53,24
97003,0.95,35,14
97004,1.45,53,24
97005,0.95,35,14
97006,1.4666666666666666,53,24
97007,0.95,35,14
97008,1.45,53,24
97009,0.95,35,14
97010,1.4666666666666666,53,24
97011,1.5,53,24
97012,1.1333333333333333,44,17
97013,0.9666666666666667,35,13
97014,1.45,53,24
97015,1.4666666666666666,53,24
97016,1.5,53,24
97017,1.4666666666666666,53,24
97018,1.4666666666666666,53,24
97019,1.4666666666666666,53,24
97020,1.4666666666666666,53,24
97021,1.4666666666666666,53,24
97022,1.4833333333333334,53,24
97023,1.1333333333333333,44,17
97024,1.4833333333333334,53,24
97025,1.4333333333333333,53,24
97026,1.15,44,17
97027,1.45,53,24
97028,1.1666666666666667,44,17
97029,1.45,53,23
97030,1.5,53,24
97031,1.5,53,24
97032,1.5166666666666666,53,24
97033,0.5333333333333333,20,8
97034,1.4833333333333334,53,24
97035,1.1833333333333333,44,17
97036,1.4666666666666666,53,24
97037,1.4833333333333334,53,24
97038,1.4666666666666666,53,24
97039,1.45,53,24
97040,1.4666666666666666,53,24
97041,1.4666666666666666,53,24
97042,0.9833333333333333,37,15
97043,1.2,44,17
97044,1.4666666666666666,53,24
97045,1.2,44,17
97046,0.5166666666666667,20,8
97047,1.4833333333333334,53,24
97048,1.5,53,24
97049,1.45,53,24
97050,1.2,44,17
97051,1.0333333333333334,37,15
97052,1.5,53,24
97053,1.45,53,24
97054,1.4833333333333334,53,24
97055,1.45,53,24
97056,0.5166666666666667,20,8
97057,1.4833333333333334,53,24
97058,1.4666666666666666,53,24
97059,1.45,53,24
97060,1.4666666666666666,53,24
97061,1.45,53,24
97062,1.4833333333333334,53,24
97063,1.15,44,17
97064,0.9666666666666667,37,15
97065,1.5166666666666666,53,24
97066,1.4666666666666666,53,24
97067,1.5333333333333334,53,24
97068,1.4666666666666666,53,24
97069,1.45,53,24
97070,1.4833333333333334,53,24
97071,1.45,53,24
97072,1.15,44,17
97073,0.5333333333333333,20,8
97074,1.5166666666666666,53,24
97075,1.45,53,24
97076,1.4833333333333334,53,24
97077,0.9833333333333333,37,15
97078,1.4666666666666666,53,24
97079,1.45,53,24
97080,1.4833333333333334,53,24
97081,1.4666666666666666,53,24
97082,1.4666666666666666,53,24
97083,1.45,53,24
97084,1.45,53,24
97085,1.45,53,24
97086,0.5166666666666667,20,8
97087,1.1666666666666667,44,17
97088,1.5333333333333334,53,24
97089,1.45,53,24
97090,1.4833333333333334,53,24
97091,1.4833333333333334,53,24
97092,1.15,44,17
97093,1.45,53,24
97094,1.5166666666666666,20,8
97095,1.4833333333333334,53,24
97096,1.4333333333333333,53,24
97097,1.0,37,15
97098,1.1333333333333333,44,17
97099,0.9833333333333333,35,14
97100,1.4666666666666666,53,24
97101,1.5,53,24
97102,1.4833333333333334,53,24
97103,1.5,53,24
97104,1.5,53,24
97105,1.4833333333333334,53,24
97106,1.4666666666666666,53,24
97107,1.15,44,17
97108,1.4666666666666666,53,24
97109,0.9166666666666666,35,14
97110,1.1333333333333333,44,17
97111,1.4666666666666666,53,24
97112,1.45,53,24
97113,1.4666666666666666,53,24
97114,1.4666666666666666,53,24
97115,1.2166666666666666,44,17
97116,0.9666666666666667,37,15
97117,1.4833333333333334,53,24
97118,0.5166666666666667,20,8
97119,1.4666666666666666,53,24
97120,1.2,44,17
97121,1.1833333333333333,44,17
97122,1.5,53,24
97123,1.2333333333333334,44,17
97124,1.4833333333333334,53,24
97125,1.4666666666666666,53,24
97126,1.1333333333333333,44,17
97127,1.4666666666666666,53,24
97128,1.45,53,24
97129,1.4666666666666666,53,24
97130,0.5333333333333333,20,8
97131,1.0166666666666666,37,15
97132,1.1833333333333333,44,17
97133,1.4666666666666666,53,24
97134,1.1666666666666667,44,17
97135,1.1666666666666667,44,17
97136,1.45,53,24
97137,1.2,44,17
97138,1.15,44,17
97139,1.4833333333333334,53,24
97140,1.0,37,15
97141,1.2,44,17
97142,1.5166666666666666,53,24
97143,1.1833333333333333,44,17
97144,1.4666666666666666,53,24
97145,1.1666666666666667,44,17
97146,1.4833333333333334,53,24
97147,1.4666666666666666,53,24
97148,0.9833333333333333,37,15
97149,1.4666666666666666,53,24
97150,0.533333333333335,20,8
97151,1.4833333333333334,53,24
97152,0.5166666666666657,20,8
97153,1.4833333333333334,53,24
97155,1.1499999999999986,44,17
97201,1.3,48,22
97202,1.3166666666666667,48,22
97203,1.3,48,22
97204,1.35,48,22
97205,1.3,48,22
97206,1.3333333333333333,48,22
97207,1.3,48,22
97208,1.35,48,22
97209,1.3,48,22
97210,1.35,48,22
97211,1.2833333333333334,48,22
97212,1.0333333333333334,39,15
97213,1.3166666666666667,48,22
97214,1.3333333333333333,48,22
97215,1.2833333333333334,48,22
97216,1.3333333333333333,48,22
97217,1.2833333333333334,48,22
97218,1.3666666666666667,48,22
97219,1.3166666666666667,48,22
97220,1.3333333333333333,48,22
97221,1.3,48,22
97222,1.3333333333333333,48,22
97223,1.3,48,22
97224,1.3666666666666667,48,22
97225,1.3,48,22
97226,1.3333333333333333,48,22
97227,1.35,48,22
97228,1.35,48,22
97229,1.3166666666666667,48,22
97230,1.3333333333333333,48,22
97231,1.3,48,22
97232,1.3166666666666667,48,22
97233,1.2833333333333334,48,22
97234,1.0333333333333334,39,15
97235,1.0333333333333334,39,15
97236,1.3166666666666667,48,22
97237,1.0,39,15
97238,1.3333333333333333,48,22
97239,1.35,48,22
97240,1.3166666666666667,48,22
97241,1.3166666666666667,48,22
97242,1.3833333333333333,48,22
97243,1.3166666666666667,48,22
97244,1.3666666666666667,48,22
97245,1.3,48,22
97246,1.3333333333333333,48,22
97247,1.0333333333333334,39,15
97248,1.35,48,22
97249,1.3,48,22
97250,1.3333333333333333,48,22
97251,1.3,48,22
97252,1.4,48,22
97253,1.3333333333333333,48,22
97254,1.0166666666666666,39,15
97255,1.3,48,22
97256,1.35,48,22
97258,1.35,48,22
97260,1.0,39,15
97301,0.9333333333333333,33,17
97302,0.9333333333333333,33,17
97303,0.9333333333333333,33,17
97304,0.9333333333333333,33,17
97305,0.9333333333333333,33,17
97306,0.9333333333333333,33,17
97307,0.9333333333333333,33,17
97308,0.9333333333333333,33,17
97309,0.9333333333333333,33,17
97310,0.9666666666666667,33,17
97311,0.9333333333333333,33,17
97312,0.9333333333333333,33,17
97313,0.9333333333333333,33,17
97314,0.9666666666666667,33,17
97315,0.9333333333333333,33,17
97316,0.9333333333333333,33,17
97317,0.9333333333333333,33,17
97318,0.9333333333333333,33,17
97319,0.9333333333333333,33,17
97320,0.9333333333333333,33,17
97321,0.9333333333333333,33,17
97322,0.9333333333333333,33,17
97323,0.9666666666666667,33,17
97324,0.9333333333333333,33,17
97325,0.9333333333333333,33,17
97326,0.9333333333333333,33,17
97327,0.9833333333333333,33,17
97328,0.9333333333333333,33,17
97329,0.9333333333333333,33,17
97330,0.9833333333333333,33,17
97331,0.95,33,17
97332,0.9666666666666667,33,17
97333,0.9333333333333333,33,17
97334,0.9666666666666667,33,17
97335,0.9333333333333333,33,17
97336,0.9666666666666667,33,17
97337,0.95,33,17
97338,0.95,33,17
97339,0.9166666666666666,33,17
97340,0.9666666666666667,33,17
97341,0.9166666666666666,33,17
97342,0.9666666666666667,33,17
97343,0.9666666666666667,33,17
97344,0.9666666666666667,33,17
97345,0.95,33,17
97346,0.9666666666666667,33,17
97347,1.0,33,17
97348,1.0,33,17
97349,0.9333333333333333,33,17
97350,0.9833333333333333,33,17
97351,0.9333333333333333,33,17
97352,0.9666666666666667,33,17
97353,0.9166666666666666,33,17
97354,0.9666666666666667,33,17
97355,0.9333333333333333,33,17
97356,0.9666666666666667,33,17
97357,0.9333333333333333,33,17
97358,0.9666666666666667,33,17
97359,0.9333333333333333,33,17
97360,0.9666666666666667,33,17
97361,1.0,33,17
97362,0.9833333333333333,33,17
97363,0.9333333333333333,33,17
97364,0.9666666666666667,33,17
97365,0.9333333333333333,33,17
97366,0.9666666666666667,33,17
97367,0.9333333333333333,33,17
97368,0.9666666666666667,33,17
97369,0.9166666666666666,33,17
97370,0.9833333333333333,33,17
97371,0.9333333333333333,33,17
97372,0.9666666666666667,33,17
97373,0.95,33,17
97374,0.9666666666666667,33,17
97375,0.6333333333333333,24,10
97376,0.9666666666666667,33,17
97377,0.9333333333333333,33,17
97378,0.9833333333333333,33,17
97379,0.9333333333333333,33,17
97380,0.9666666666666667,33,17
97381,0.9333333333333333,33,17
97382,0.95,33,17
97383,0.95,33,17
97384,0.6333333333333333,24,10
97385,0.9333333333333333,33,17
97386,0.9666666666666667,33,17
97387,0.9333333333333333,33,17
97388,0.95,33,17
97389,0.9333333333333333,33,17
97390,0.95,33,17
97391,0.9333333333333333,33,17
97392,0.95,33,17
97393,0.9333333333333333,33,17
97394,0.9666666666666667,33,17
97395,0.9333333333333333,33,17
97396,0.95,33,17
97397,0.9333333333333333,33,17
97398,0.9666666666666667,33,17
97399,0.9666666666666667,33,17
97400,0.9166666666666666,33,17
97401,0.95,33,17
97402,0.95,33,17
97403,0.9333333333333333,33,17
97404,0.9833333333333333,33,17
97405,0.9333333333333333,33,17
97406,0.6333333333333333,24,10
97407,0.9333333333333333,33,17
97408,0.9666666666666667,33,17
97409,0.65,24,10
97410,0.6666666666666666,24,10
97411,0.9166666666666666,33,17
97412,0.9833333333333333,33,17
97413,0.95,33,17
97414,0.9666666666666667,33,17
97415,0.6333333333333333,24,10
97416,0.9833333333333333,33,17
97417,0.9333333333333333,33,17
97418,0.95,33,17
97419,0.9333333333333333,33,17
97420,0.65,24,10
97421,0.9333333333333333,33,17
97422,0.9666666666666667,33,17
97423,0.9166666666666666,33,17
97424,0.6333333333333333,24,10
97425,0.9166666666666666,33,17
97426,0.9666666666666667,33,17
97427,0.9166666666666666,33,17
97428,0.9666666666666667,33,17
97429,0.65,24,10
97430,0.65,24,10
97431,0.9166666666666666,33,17
97432,0.9666666666666667,33,17
97433,0.9333333333333333,33,17
97434,1.0,33,17
97435,0.9166666666666679,33,17
97436,0.9666666666666667,33,17
97437,0.9333333333333336,33,17
97438,0.9666666666666667,33,17
97439,0.9333333333333336,33,17
97440,0.9833333333333333,33,17
97441,0.9166666666666679,33,17
97442,0.65,24,10
97444,0.9833333333333333,33,16
97445,0.9333333333333336,33,16
97446,0.9666666666666667,33,16
97501,0.5666666666666667,19,12
97502,0.6166666666666667,19,12
97503,0.5666666666666667,19,12
97504,0.6166666666666667,19,12
97601,0.4666666666666667,15,10
97602,0.5,15,10
97603,0.4666666666666667,15,10
97604,0.5,15,10
97605,0.4666666666666667,15,10
97606,0.5,15,10
97607,0.4666666666666667,15,10
97608,0.5,15,10
97609,0.5,15,10
97610,0.5,15,10
97611,0.4666666666666667,15,10
97612,0.5166666666666667,15,10
97613,0.4666666666666667,15,10
97614,0.5166666666666667,15,10
97615,0.5166666666666667,15,10
97616,0.5,15,10
97617,0.48333333333333334,15,10
97618,0.5,15,10
97619,0.5,15,10
97620,0.5,15,10
97621,0.4666666666666667,15,10
97622,0.5,15,10
97623,0.4666666666666667,15,10
97624,0.48333333333333334,15,10
97625,0.4666666666666667,15,10
97626,0.5,15,10
97627,0.4666666666666667,15,10
97628,0.5,15,10
97629,0.4666666666666667,15,10
97630,0.5,15,10
97631,0.4666666666666667,15,10
97632,0.5,15,10
97633,0.48333333333333334,15,10
97634,0.5166666666666667,15,10
97635,0.4666666666666667,15,10
97636,0.5,15,10
97637,0.48333333333333334,15,10
97638,0.5,15,10
97639,0.4666666666666667,15,10
97640,0.5166666666666667,15,10
97641,0.4666666666666667,15,10
97642,0.5166666666666667,15,10
97643,0.466666666666665,15,10
97644,0.5,15,10
97645,0.48333333333333334,15,10
97646,0.5,15,10
97647,0.48333333333333334,15,10
97648,0.5,15,10
97649,0.48333333333333334,15,10
97651,0.48333333333333334,15,10
97653,0.48333333333333334,15,10
97655,0.4833333333333343,15,10
98000,1.2833333333333334,49,2
98001,1.2833333333333334,49,2
98002,1.2833333333333334,49,2
98003,1.2833333333333334,49,2
98004,1.2833333333333334,49,2
98005,1.2833333333333334,49,2
98006,1.2833333333333334,49,2
98007,1.2833333333333334,49,2
98008,1.2833333333333334,49,2
98009,1.2833333333333334,49,2
98010,1.2833333333333334,49,2
98011,1.2833333333333334,49,2
98012,1.2833333333333334,49,2
98013,0.5166666666666667,20,2
98014,1.2833333333333334,49,2
98015,1.2833333333333334,49,2
98016,1.3,49,2
98017,1.2833333333333334,49,2
98018,1.0,39,2
98019,1.2833333333333334,49,2
98020,1.3,49,2
98021,0.5,20,2
98022,1.3,49,2
98023,1.2833333333333334,49,2
98024,1.2833333333333334,49,2
98025,1.2833333333333334,49,2
98026,0.9833333333333333,39,2
98027,1.2833333333333334,49,2
98028,1.2833333333333334,49,2
98029,1.2833333333333334,49,2
98030,1.2833333333333334,49,2
98031,1.0333333333333334,39,2
98032,0.9833333333333333,39,2
98033,1.2833333333333334,49,2
98034,1.2833333333333334,49,2
98035,1.3,49,2
98036,1.2833333333333334,49,2
98037,1.3333333333333333,49,2
98038,1.2833333333333334,49,2
98039,1.2833333333333334,49,2
98040,0.9833333333333333,39,2
98041,1.2833333333333334,49,2
98042,1.2833333333333334,49,2
98043,1.2833333333333334,49,2
98044,1.3,49,2
98045,1.2833333333333334,49,2
98046,1.3,49,2
98047,1.2833333333333334,49,2
98048,1.2833333333333334,49,2
98049,1.2833333333333334,49,2
98050,1.2833333333333334,49,2
98051,0.9833333333333333,39,2
98052,1.2833333333333334,49,2
98053,1.2833333333333334,49,2
98054,1.2833333333333334,49,2
98055,1.3,49,2
98056,1.3166666666666667,49,2
98057,1.3,49,2
98058,1.2833333333333334,49,2
98059,1.2833333333333334,49,2
98060,1.2833333333333334,49,2
98061,1.2833333333333334,49,2
98062,1.2833333333333334,49,2
98063,1.3,49,2
98064,1.2833333333333334,49,2
98065,1.2833333333333334,49,2
98066,1.3,49,2
98067,1.2833333333333334,49,2
98068,1.2833333333333334,49,2
98069,1.2833333333333334,49,2
98070,1.2833333333333334,49,2
98071,1.2833333333333334,49,2
98072,1.2833333333333334,49,2
98073,1.2833333333333334,49,2
98074,1.2833333333333334,49,2
98075,1.3333333333333333,49,2
98076,1.2833333333333334,49,2
98077,1.2833333333333334,49,2
98078,1.35,49,2
98079,1.2833333333333334,49,2
98080,1.3333333333333333,49,2
98081,1.2833333333333334,49,2
98082,1.3,49,2
98083,1.0,39,2
98084,1.3,49,2
98085,1.2833333333333334,49,2
98087,1.2833333333333334,49,2
98088,1.2833333333333334,49,2
98089,1.2833333333333334,49,2
98090,1.2833333333333334,49,2
98091,1.2833333333333334,49,2
98092,1.2833333333333334,49,2
98093,1.3,49,2
98094,1.2833333333333334,49,2
98095,1.3,49,2
98096,1.2833333333333334,49,2
98097,1.2833333333333334,49,2
98098,1.2833333333333334,49,2
98099,1.2833333333333334,49,2
98100,1.2833333333333334,49,2
98101,1.2833333333333334,49,2
98102,1.2833333333333334,49,2
98103,1.0,39,2
98104,1.2833333333333334,49,2
98105,1.2833333333333334,49,2
98106,1.3,49,2
98107,1.2833333333333334,49,2
98108,1.3333333333333333,49,2
98109,1.3166666666666667,49,2
98110,1.2833333333333334,49,2
98111,1.3,49,2
98112,1.2833333333333334,49,2
98113,1.2833333333333334,49,2
98114,1.2833333333333334,49,2
98115,1.2833333333333334,49,2
98116,1.2833333333333334,49,2
98117,1.2833333333333334,49,2
98118,1.3166666666666667,49,2
98119,1.3,49,2
98120,1.3,49,2
98121,1.2833333333333334,49,2
98122,1.3,49,2
98123,1.2833333333333334,49,2
98124,1.3166666666666667,49,2
98125,1.2833333333333334,49,2
98126,1.3,49,2
98127,1.2833333333333334,49,2
98128,1.2833333333333334,49,2
98129,1.2833333333333334,49,2
98130,1.2833333333333334,49,2
98131,1.3166666666666667,49,2
98132,1.3166666666666667,49,2
98133,1.05,39,2
98134,1.0166666666666666,39,2
98135,1.3333333333333333,49,2
98136,1.3166666666666667,49,2
98137,1.3,49,2
98138,1.3,49,2
98139,1.2833333333333334,49,2
98140,1.35,49,2
98141,1.2833333333333334,49,2
98142,1.3166666666666667,49,2
98143,1.0,39,2
98144,0.9833333333333333,39,2
98145,1.3,49,2
98146,1.2833333333333334,49,2
98147,1.2833333333333334,49,2
98148,1.2833333333333334,49,2
98149,1.0,39,2
98150,1.2833333333333334,49,2
98151,1.3166666666666667,49,2
98152,1.2833333333333334,49,2
98153,1.3,49,2
98154,1.2833333333333334,49,2
98155,1.3,49,2
98156,1.2833333333333334,49,2
98157,1.3,49,2
98158,1.2833333333333334,49,2
98159,1.2833333333333334,49,2
98160,1.3166666666666667,49,2
98161,1.2833333333333334,49,2
98162,1.3,49,2
98163,1.3166666666666667,49,2
98164,1.3,49,2
98165,1.2833333333333334,49,2
98166,0.5,20,2
98167,1.0,39,2
98168,1.3166666666666667,49,2
98169,1.2833333333333334,49,2
98170,1.3,49,2
98171,1.3,49,2
98172,1.3,49,2
98173,0.9833333333333333,39,2
98174,1.3,49,2
98175,1.3,49,2
98176,1.3,49,2
98177,1.0,39,2
98178,1.3,49,2
98179,1.3,49,2
98180,1.2833333333333334,49,2
98181,1.0,39,2
98182,1.3,49,2
98183,1.2833333333333334,49,2
98184,1.2833333333333334,49,2
98185,1.2833333333333334,49,2
98186,1.3,49,2
98187,1.0,39,2
98188,1.2833333333333334,49,2
98189,1.2833333333333334,49,2
98190,1.2833333333333334,49,2
98191,1.2833333333333334,49,2
98192,1.3000000000000007,49,2
98193,1.3,49,2
98194,1.283333333333335,49,2
98195,1.3166666666666667,49,2
98196,0.25,10,2
98197,1.3,49,2
98198,1.3000000000000007,49,2
98199,1.3,49,2
98200,0.5,20,2
98201,1.3,49,2
98202,1.3000000000000007,49,2
98203,1.2833333333333334,49,2
98204,1.3333333333333321,49,2
98205,1.2833333333333334,49,2
98207,1.283333333333335,49,2
98208,0.25,10,2
98209,1.283333333333335,49,2
98211,1.283333333333335,49,2
98213,1.283333333333335,49,2
98214,0.25,10,2
98215,1.3000000000000007,49,2
98300,1.0666666666666667,38,2
98301,1.0666666666666667,38,2
98302,1.0666666666666667,38,2
98303,1.05,38,2
98304,1.0666666666666667,38,2
98305,1.05,38,2
98306,1.0666666666666667,38,2
98307,1.1,38,2
98308,1.0666666666666667,38,2
98309,0.7666666666666667,28,2
98310,1.0666666666666667,38,2
98311,1.05,38,2
98312,1.05,38,2
98313,1.05,38,2
98314,1.05,38,2
98315,1.05,38,2
98316,1.05,38,2
98317,1.05,38,2
98318,1.05,38,2
98319,1.05,38,2
98320,1.05,38,2
98321,0.7666666666666667,28,2
98322,1.05,38,2
98323,1.0833333333333333,38,2
98324,1.05,38,2
98325,1.05,38,2
98326,1.05,38,2
98327,1.05,38,2
98328,1.0833333333333333,38,2
98329,0.8,28,2
98330,1.05,38,2
98331,1.05,38,2
98332,1.05,38,2
98333,1.05,38,2
98334,0.75,28,2
98335,1.0833333333333333,38,2
98336,1.0833333333333333,38,2
98337,1.05,38,2
98338,0.75,28,2
98339,1.0666666666666667,38,2
98340,0.75,28,2
98341,1.05,38,2
98342,1.0666666666666667,38,2
98343,1.05,38,2
98344,1.05,38,2
98345,1.0666666666666667,38,2
98346,1.05,38,2
98347,1.05,38,2
98348,1.05,38,2
98349,1.0666666666666667,38,2
98350,1.0666666666666667,38,2
98351,1.0666666666666667,38,2
98352,1.0666666666666667,38,2
98353,1.0833333333333333,38,2
98354,1.05,38,2
98355,0.7666666666666667,28,2
98356,1.05,38,2
98357,1.05,38,2
98358,1.05,38,2
98359,1.05,38,2
98360,1.0666666666666667,38,2
98361,1.05,38,2
98362,1.0666666666666667,38,2
98363,1.05,38,2
98364,0.8,28,2
98365,1.0666666666666667,38,2
98366,1.05,38,2
98367,0.7666666666666667,28,2
98368,1.0833333333333333,38,2
98369,1.05,38,2
98370,1.0666666666666667,38,2
98371,1.05,38,2
98372,1.1166666666666667,38,2
98373,1.0666666666666667,38,2
98374,1.0666666666666667,38,2
98375,1.0833333333333333,38,2
98376,1.05,38,2
98377,1.05,38,2
98378,1.0833333333333333,38,2
98379,1.0666666666666667,38,2
98380,1.1,38,2
98381,1.0833333333333333,38,2
98382,1.05,38,2
98384,0.75,28,2
98386,1.05,38,2
98388,1.1166666666666667,38,2
98390,1.0666666666666667,38,2
98392,1.05,38,2
98394,1.05,38,2
98500,0.8,28,2
98501,0.7833333333333333,28,2
98502,0.8,28,2
98503,0.8,28,2
98504,0.8,28,2
98505,0.7833333333333333,28,2
98506,0.8,28,2
98507,0.48333333333333334,19,2
98508,0.8,28,2
98509,0.8,28,2
98510,0.8,28,2
98511,0.7833333333333333,28,2
98512,0.8,28,2
98513,0.8,28,2
98514,0.5,19,2
98515,0.7833333333333333,28,2
98516,0.8,28,2
98517,0.7833333333333333,28,2
98518,0.8,28,2
98519,0.8,28,2
98520,0.8,28,2
98521,0.8,28,2
98522,0.8,28,2
98523,0.7833333333333333,28,2
98524,0.8166666666666667,28,2
98525,0.7833333333333333,28,2
98526,0.8166666666666667,28,2
98527,0.48333333333333334,19,2
98528,0.8,28,2
98529,0.7833333333333333,28,2
98530,0.8,28,2
98531,0.7833333333333333,28,2
98532,0.8,28,2
98533,0.7833333333333333,28,2
98535,0.7833333333333333,28,2
98537,0.7833333333333333,28,2
98538,0.5,19,2
98539,0.7833333333333333,28,2
98540,0.8,28,2
98541,0.7833333333333333,28,2
98543,0.8,28,2
98544,0.8,28,2
98545,0.8166666666666667,28,2
98546,0.5,19,2
98547,0.8166666666666667,28,2
98548,0.8,28,2
98549,0.7833333333333333,28,2
98550,0.8,28,2
98551,0.8,28,2
98552,0.8,28,2
98553,0.8166666666666667,28,2
98554,0.8,28,2
98555,0.8,28,2
98556,0.8166666666666667,28,2
98557,0.7833333333333333,28,2
98558,0.5,19,2
98559,0.7833333333333333,28,2
98560,0.8,28,2
98561,0.7833333333333333,28,2
98562,0.5,19,2
98563,0.8,28,2
98564,0.8,28,2
98565,0.7833333333333333,28,2
98566,0.8,28,2
98567,0.7833333333333333,28,2
98568,0.8333333333333334,28,2
98569,0.7833333333333333,28,2
98570,0.5333333333333333,19,2
98571,0.7833333333333333,28,2
98572,0.8333333333333334,28,2
98573,0.783333333333335,28,2
98574,0.8,28,2
98575,0.783333333333335,28,2
98576,0.8,28,2
98577,0.783333333333335,28,2
98578,0.5,19,2
98580,0.5166666666666667,19,2
98600,0.6833333333333333,21,2
98601,0.7333333333333333,21,2
98602,0.6833333333333333,21,2
98603,0.7333333333333333,21,2
98604,0.6,17,2
98605,0.55,17,2
98700,0.3333333333333333,10,2
98701,0.3333333333333333,10,2
98702,0.35,10,2
98703,0.3333333333333333,10,2
98704,0.35,10,2
98705,0.3333333333333333,10,2
98706,0.35,10,2
98707,0.3333333333333333,10,2
98708,0.35,10,2
98709,0.3333333333333333,10,2
98710,0.35,10,2
98711,0.3333333333333333,10,2
98712,0.35,10,2
98713,0.3333333333333333,10,2
98714,0.35,10,2
98715,0.3333333333333333,10,2
98716,0.35,10,2
98717,0.3333333333333333,10,2
98718,0.35,10,2
98719,0.3333333333333333,10,2
98720,0.35,10,2
98721,0.3333333333333333,10,2
98722,0.35,10,2
98723,0.3333333333333333,10,2
98724,0.35,10,2
98725,0.3333333333333333,10,2
98726,0.35,10,2
98727,0.3333333333333333,10,2
98728,0.35,10,2
98729,0.3333333333333333,10,2
98730,0.35,10,2
98731,0.3333333333333333,10,2
98732,0.35,10,2
98733,0.3333333333333333,10,2
98734,0.35,10,2
98735,0.35,10,2
98736,0.35,10,2
98737,0.3333333333333333,10,2
98738,0.35,10,2
98739,0.3333333333333333,10,2
98740,0.35,10,2
98741,0.3333333333333333,10,2
98742,0.35,10,2
98743,0.3333333333333333,10,2
98744,0.35,10,2
98745,0.3333333333333333,10,2
98746,0.3333333333333333,10,2
98747,0.3333333333333333,10,2
98748,0.3333333333333333,10,2
98749,0.3333333333333333,10,2
98750,0.35,10,2
98751,0.3333333333333333,10,2
98752,0.35,10,2
98753,0.3333333333333333,10,2
98754,0.35,10,2
98755,0.3333333333333333,10,2
98756,0.35,10,2
98757,0.3333333333333333,10,2
98758,0.35,10,2
98759,0.3333333333333333,10,2
98760,0.3333333333333333,10,2
98761,0.3333333333333333,10,2
98762,0.35,10,2
98763,0.3333333333333333,10,2
98764,0.3333333333333333,10,2
98765,0.3333333333333333,10,2
98766,0.3333333333333333,10,2
98767,0.3333333333333333,10,2
98768,0.36666666666666664,10,2
98769,0.3333333333333333,10,2
98770,0.35,10,2
98771,0.3333333333333333,10,2
98772,0.3333333333333333,10,2
98773,0.35,10,2
98774,0.3333333333333333,10,2
98775,0.3333333333333333,10,2
98776,0.3333333333333333,10,2
98777,0.3333333333333333,10,2
98778,0.3333333333333333,10,2
98779,0.3333333333333333,10,2
98780,0.3333333333333333,10,2
98781,0.3333333333333333,10,2
98782,0.33333333333333215,10,2
98783,0.3333333333333333,10,2
98784,0.3333333333333333,10,2
98785,0.33333333333333215,10,2
98800,0.35,10,2
98801,0.4666666666666667,10,2
98802,0.35,10,2
98803,0.4666666666666667,10,2
98804,0.35,10,2
98805,0.3333333333333333,10,2
98806,0.35,10,2
98807,0.3333333333333333,10,2
98808,0.35,10,2
98809,0.3333333333333333,10,2
98810,0.35,10,2
98811,0.3333333333333333,10,2
98812,0.35,10,2
98813,0.3333333333333333,10,2
98814,0.35,10,2
98815,0.35,10,2
98816,0.35,10,2
98817,0.3333333333333333,10,2
98818,0.35,10,2
98819,0.3333333333333333,10,2
98820,0.35,10,2
98821,0.3333333333333333,10,2
98822,0.35,10,2
98823,0.3333333333333333,10,2
98824,0.35,10,2
98825,0.3333333333333333,10,2
98826,0.36666666666666664,10,2
98827,0.3333333333333333,10,2
98828,0.35,10,2
98829,0.3333333333333333,10,2
98830,0.35,10,2
98831,0.3333333333333333,10,2
98832,0.35,10,2
98833,0.3333333333333333,10,2
98834,0.35,10,2
98835,0.36666666666666664,10,2
98836,0.35,10,2
98837,0.3333333333333333,10,2
98838,0.35,10,2
98839,0.3333333333333333,10,2
98840,0.35,10,2
98841,0.3333333333333333,10,2
98842,0.35,10,2
98843,0.3333333333333333,10,2
98844,0.35,10,2
98845,0.3333333333333333,10,2
98846,0.35,10,2
98847,0.3333333333333333,10,2
98848,0.35,10,2
98849,0.3333333333333333,10,2
98850,0.3333333333333333,10,2
98851,0.3333333333333333,10,2
98852,0.35,10,2
98853,0.3333333333333333,10,2
98854,0.35,10,2
98855,0.3333333333333333,10,2
98856,0.36666666666666664,10,2
98857,0.3333333333333333,10,2
98858,0.36666666666666664,10,2
98859,0.3333333333333333,10,2
98860,0.35,10,2
98861,0.3333333333333333,10,2
98862,0.35,10,2
98863,0.3333333333333333,10,2
98864,0.35,10,2
98865,0.36666666666666664,10,2
98866,0.35,10,2
98867,0.3333333333333333,10,2
98868,0.35,10,2
98869,0.3333333333333333,10,2
98870,0.35,10,2
98871,0.3333333333333333,10,2
98872,0.35,10,2
98873,0.36666666666666664,10,2
98874,0.36666666666666664,10,2
98875,0.3333333333333333,10,2
98876,0.3333333333333333,10,2
98877,0.3333333333333333,10,2
98878,0.3333333333333333,10,2
98879,0.35,10,2
98880,0.3333333333333333,10,2
98881,0.3333333333333333,10,2
98882,0.3333333333333333,10,2
98883,0.3333333333333333,10,2
98884,0.3333333333333333,10,2
98885,0.3333333333333333,10,2
98886,0.3333333333333333,10,2
98887,0.3333333333333333,10,2
98900,1.1,40,2
98901,1.0,39,2
98902,1.1666666666666667,40,2
98903,0.9833333333333333,39,2
98904,1.15,40,2
98905,0.9833333333333333,39,2
98906,1.1,40,2
98907,0.9833333333333333,39,2
98908,1.1333333333333333,40,2
98909,1.0,39,2
98910,1.1166666666666667,40,2
98911,0.9833333333333333,39,2
98912,1.1666666666666667,40,2
98913,1.1666666666666667,40,3
98914,1.1333333333333333,40,2
98915,1.2,40,2
98916,1.1,40,2
98917,1.1666666666666667,40,3
99000,0.9,34,2
99001,0.8833333333333333,34,2
99002,0.8833333333333333,34,2
99003,0.8833333333333333,34,2
99004,0.8833333333333333,34,2
99005,0.8833333333333333,34,2
99006,0.9333333333333333,34,2
99007,0.8166666666666667,34,2
99008,0.8833333333333333,34,2
99009,0.8833333333333333,34,2
99010,0.7666666666666667,34,2
99011,0.8833333333333333,34,2
99012,0.9,34,2
99013,0.8833333333333333,34,2
99014,0.9,34,2
99015,0.9166666666666666,34,2
99016,0.8833333333333333,34,2
99017,0.8833333333333333,34,2
99018,0.8833333333333333,34,2
99019,0.8833333333333333,34,2
99020,0.8833333333333333,34,2
99021,0.9333333333333333,34,2
99022,0.8833333333333333,34,2
99023,0.8833333333333333,34,2
99024,0.8833333333333333,34,2
99025,0.8833333333333333,34,2
99026,0.8833333333333333,34,2
99027,0.8833333333333333,34,2
99028,0.8833333333333333,34,2
99029,0.8833333333333333,34,2
99030,0.8833333333333333,34,2
99031,0.8833333333333333,34,2
99032,0.8833333333333333,34,2
99033,0.8166666666666667,34,2
99034,0.7666666666666667,34,2
99035,0.8833333333333333,34,2
99036,0.8833333333333333,34,2
99037,0.9,34,2
99038,0.8833333333333333,34,2
99039,0.8833333333333333,34,2
99040,0.8833333333333333,34,2
99041,0.8833333333333333,34,2
99042,0.8833333333333333,34,2
99100,0.6666666666666666,23,2
99101,0.65,23,2
99102,0.65,23,2
99103,0.65,23,2
99104,0.65,23,2
99105,0.6666666666666666,23,2
99107,0.6666666666666666,23,2
99200,0.5333333333333333,20,2
99201,0.5333333333333333,20,2
99202,0.5333333333333333,20,2
99203,0.5333333333333333,20,2
99204,0.5333333333333333,20,2
99205,0.5333333333333333,20,2
99206,0.5333333333333333,20,2
99207,0.5333333333333333,20,2
99208,0.5333333333333333,20,2
99209,0.5333333333333333,20,2
99210,0.5333333333333333,20,2
99211,0.5333333333333333,20,2
99212,0.5333333333333333,20,2
99213,0.5333333333333333,20,2
99214,0.5333333333333333,20,2
99215,0.5333333333333333,20,2
99216,0.5333333333333333,20,2
99217,0.5333333333333333,20,2
99218,0.5333333333333333,20,2
99219,0.5333333333333333,20,2
99220,0.55,20,2
99221,0.5333333333333333,20,2
99222,0.5333333333333333,20,2
99223,0.5333333333333333,20,2
99224,0.5333333333333333,20,2
99225,0.5333333333333333,20,2
99226,0.5333333333333333,20,2
99227,0.5333333333333333,20,2
99228,0.5333333333333333,20,2
99229,0.5333333333333333,20,2
99230,0.5666666666666667,20,2
99231,0.5333333333333333,20,2
99232,0.5333333333333333,20,2
99233,0.5333333333333333,20,2
99234,0.5333333333333333,20,2
99235,0.5333333333333333,20,2
99236,0.5333333333333333,20,2
99237,0.5333333333333333,20,2
99238,0.5333333333333333,20,2
99239,0.5333333333333333,20,2
99240,0.5333333333333333,20,2
99241,0.5333333333333333,20,2
99242,0.5333333333333333,20,2
99243,0.5333333333333333,20,2
99244,0.5333333333333333,20,2
99245,0.5333333333333333,20,2
99246,0.5333333333333333,20,2
99247,0.5333333333333333,20,2
99248,0.55,20,2
99249,0.5333333333333333,20,2
99250,0.5333333333333333,20,2
99251,0.5333333333333333,20,2
99252,0.5333333333333333,20,2
99253,0.5333333333333333,20,2
99254,0.5333333333333333,20,2
99255,0.5333333333333333,20,2
99400,0.4666666666666667,18,2
99401,0.4666666666666667,18,2
99402,0.4666666666666667,18,2
99403,0.4666666666666667,18,2
99404,0.4666666666666667,18,2
99405,0.4666666666666667,18,2
99406,0.4666666666666667,18,2
99407,0.4666666666666667,18,2
99408,0.4666666666666667,18,2
99409,0.4666666666666667,18,2
99410,0.4666666666666667,18,2
99411,0.4666666666666667,18,2
99412,0.4666666666666667,18,2
99413,0.4666666666666667,18,2
99414,0.4666666666666667,18,2
99415,0.4666666666666667,18,2
99416,0.4666666666666667,18,2
99417,0.4666666666666667,18,2
99418,0.4666666666666667,18,2
99419,0.4666666666666667,18,2
99420,0.48333333333333334,18,2
99421,0.4666666666666667,18,2
99422,0.4666666666666667,18,2
99423,0.4666666666666667,18,2
99424,0.4666666666666667,18,2
99425,0.4666666666666667,18,2
99426,0.48333333333333334,18,2
99427,0.4666666666666667,18,2
99428,0.4666666666666667,18,2
99429,0.48333333333333334,18,2
99430,0.4666666666666667,18,2
99431,0.4666666666666667,18,2
99432,0.4666666666666667,18,2
99433,0.4666666666666667,18,2
99434,0.4666666666666667,18,2
99435,0.4666666666666667,18,2
99436,0.4666666666666667,18,2
99437,0.4666666666666667,18,2
99438,0.4666666666666667,18,2
99439,0.4666666666666667,18,2
99440,0.4666666666666667,18,2
99441,0.4666666666666667,18,2
99442,0.4666666666666667,18,2
99443,0.4666666666666667,18,2
99444,0.4666666666666667,18,2
99445,0.4666666666666667,18,2
99446,0.4666666666666667,18,2
99447,0.48333333333333334,18,2
99448,0.4666666666666667,18,2
99449,0.48333333333333334,18,2
99450,0.4666666666666667,18,2
99451,0.48333333333333334,18,2
99452,0.4666666666666667,18,2
99453,0.48333333333333334,18,2
99454,0.4666666666666667,18,2
99455,0.4666666666666667,18,2
99456,0.4666666666666667,18,2
99457,0.4666666666666667,18,2
99458,0.4666666666666667,18,2
99459,0.4666666666666667,18,2
99460,0.4666666666666667,18,2
99461,0.4666666666666667,18,2
99462,0.4666666666666667,18,2
99463,0.4666666666666667,18,2
99464,0.4666666666666667,18,2
99465,0.4666666666666667,18,2
99466,0.4666666666666667,18,2
99467,0.48333333333333334,18,2
99468,0.4666666666666667,18,2
99469,0.4666666666666667,18,2
99470,0.4666666666666667,18,2
99471,0.4666666666666667,18,2
99472,0.4666666666666667,18,2
99473,0.4666666666666667,18,2
99474,0.4666666666666667,18,2
99475,0.4666666666666667,18,2
99476,0.4666666666666667,18,2
99477,0.4666666666666667,18,2
99478,0.4666666666666667,18,2
99479,0.4666666666666667,18,2
99480,0.4666666666666667,18,2
99481,0.4666666666666667,18,2
99482,0.4666666666666667,18,2
99483,0.4666666666666667,18,2
99484,0.4666666666666667,18,2
99485,0.4666666666666667,18,2
99486,0.4666666666666667,18,2
99487,0.4666666666666667,18,2
99488,0.4666666666666667,18,2
99489,0.5,18,2
99490,0.48333333333333334,18,2
99491,0.4666666666666667,18,2
99492,0.4666666666666667,18,2
99493,0.4666666666666667,18,2
99494,0.4666666666666667,18,2
99495,1.4833333333333334,18,2
99496,0.4666666666666667,18,2
99497,0.48333333333333334,18,2
99498,0.4666666666666667,18,2
99499,0.48333333333333334,18,2
99500,0.4666666666666667,18,2
99501,0.48333333333333334,18,2
99502,0.4666666666666667,18,2
99503,0.4833333333333343,18,2
99801,1.3333333333333333,63,17
99802,1.6666666666666667,63,17
99803,1.4166666666666667,63,17
99804,1.3333333333333333,63,17
99805,1.4166666666666667,63,17
99806,1.4166666666666667,63,17
99807,1.4166666666666667,63,17
99808,1.4166666666666667,63,17
99809,1.75,63,17
99810,1.4166666666666667,63,17
99811,1.4166666666666667,63,17
99812,1.4166666666666667,63,17
99813,1.4166666666666667,63,17
99814,1.3,61,16
99815,1.4166666666666667,63,17
99816,1.5,63,17
99817,1.4166666666666667,63,17
99818,1.3333333333333333,63,17
99819,1.4166666666666667,63,17
99820,1.4166666666666667,63,17
99821,1.4166666666666667,63,17
99822,1.4166666666666667,63,17
99823,1.4166666666666667,61,12
99824,1.4166666666666667,63,17
99825,1.3333333333333333,63,17
99826,1.4166666666666667,63,17
99827,1.3333333333333333,63,17
99828,1.4166666666666667,63,17
99829,1.3333333333333333,63,17
99830,1.3333333333333333,63,17
99831,1.3333333333333333,63,17
99832,1.3,61,16
99833,1.75,63,17
99834,1.35,63,17
99835,1.9166666666666679,63,17
99836,1.3333333333333333,63,17
99901,1.1666666666666667,34,12
99902,0.8333333333333334,34,12
99903,0.8333333333333334,34,12
99904,0.8333333333333334,34,12
99905,0.7166666666666667,31,11
99906,0.8333333333333334,34,12
99907,0.8666666666666667,34,12
99908,0.8333333333333334,34,12
